caudal;caudalparcial;hydrodatetime
1,241;0,439;2024/2/5 10:00
1,242;0,439;2024/2/5 10:10
1,24;0,436;2024/2/5 10:20
1,242;0,436;2024/2/5 10:30
1,245;0,439;2024/2/5 10:40
1,245;0,439;2024/2/5 10:50
1,248;0,439;2024/2/5 11:00
1,244;0,436;2024/2/5 11:10
1,247;0,439;2024/2/5 11:20
1,248;0,439;2024/2/5 11:30
1,246;0,436;2024/2/5 11:40
1,247;0,439;2024/2/5 11:50
1,246;0,439;2024/2/5 12:00
1,244;0,439;2024/2/5 12:10
1,244;0,439;2024/2/5 12:20
1,256;0,439;2024/2/5 12:30
1,279;0,443;2024/2/5 12:40
1,289;0,446;2024/2/5 12:50
1,281;0,443;2024/2/5 13:00
1,264;0,439;2024/2/5 13:10
1,255;0,439;2024/2/5 13:20
1,253;0,439;2024/2/5 13:30
1,251;0,439;2024/2/5 13:40
1,25;0,439;2024/2/5 13:50
1,251;0,439;2024/2/5 14:00
1,251;0,439;2024/2/5 14:10
1,25;0,439;2024/2/5 14:20
1,249;0,439;2024/2/5 14:30
1,248;0,439;2024/2/5 14:40
1,248;0,439;2024/2/5 14:50
1,248;0,439;2024/2/5 15:00
1,248;0,439;2024/2/5 15:10
1,249;0,439;2024/2/5 15:20
1,236;0,436;2024/2/5 15:30
1,224;0,436;2024/2/5 15:40
1,215;0,432;2024/2/5 15:50
1,215;0,436;2024/2/5 16:00
1,208;0,432;2024/2/5 16:10
1,21;0,436;2024/2/5 16:20
1,206;0,432;2024/2/5 16:30
1,205;0,432;2024/2/5 16:40
1,208;0,432;2024/2/5 16:50
1,225;0,436;2024/2/5 17:00
1,243;0,439;2024/2/5 17:10
1,253;0,439;2024/2/5 17:20
1,258;0,439;2024/2/5 17:30
1,261;0,439;2024/2/5 17:40
1,259;0,439;2024/2/5 17:50
1,248;0,439;2024/2/5 18:00
1,24;0,436;2024/2/5 18:10
1,237;0,436;2024/2/5 18:20
1,236;0,436;2024/2/5 18:30
1,235;0,436;2024/2/5 18:40
1,235;0,436;2024/2/5 18:50
1,236;0,436;2024/2/5 19:00
1,236;0,436;2024/2/5 19:10
1,235;0,436;2024/2/5 19:20
1,235;0,436;2024/2/5 19:30
1,235;0,436;2024/2/5 19:40
1,235;0,436;2024/2/5 19:50
1,236;0,436;2024/2/5 20:00
1,235;0,436;2024/2/5 20:10
1,235;0,436;2024/2/5 20:20
1,235;0,436;2024/2/5 20:30
1,235;0,436;2024/2/5 20:40
1,234;0,436;2024/2/5 20:50
1,234;0,436;2024/2/5 21:00
1,235;0,436;2024/2/5 21:10
1,235;0,436;2024/2/5 21:20
1,235;0,436;2024/2/5 21:30
1,235;0,436;2024/2/5 21:40
1,235;0,436;2024/2/5 21:50
1,236;0,436;2024/2/5 22:00
1,234;0,436;2024/2/5 22:10
1,234;0,436;2024/2/5 22:20
1,233;0,436;2024/2/5 22:30
1,234;0,436;2024/2/5 22:40
1,234;0,436;2024/2/5 22:50
1,235;0,436;2024/2/5 23:00
1,235;0,436;2024/2/5 23:10
1,235;0,436;2024/2/5 23:20
1,235;0,436;2024/2/5 23:30
1,234;0,436;2024/2/5 23:40
1,234;0,436;2024/2/5 23:50
1,234;0,436;2024/2/6
1,233;0,436;2024/2/6 00:10
1,234;0,436;2024/2/6 00:20
1,233;0,436;2024/2/6 00:30
1,233;0,436;2024/2/6 00:40
1,234;0,436;2024/2/6 00:50
1,233;0,436;2024/2/6 01:00
1,234;0,436;2024/2/6 01:10
1,234;0,436;2024/2/6 01:20
1,235;0,436;2024/2/6 01:30
1,235;0,436;2024/2/6 01:40
1,236;0,436;2024/2/6 01:50
1,239;0,439;2024/2/6 02:00
1,236;0,436;2024/2/6 02:10
1,235;0,436;2024/2/6 02:20
1,235;0,436;2024/2/6 02:30
1,234;0,436;2024/2/6 02:40
1,234;0,436;2024/2/6 02:50
1,234;0,436;2024/2/6 03:00
1,233;0,436;2024/2/6 03:10
1,22;0,436;2024/2/6 03:20
1,203;0,432;2024/2/6 03:30
1,197;0,432;2024/2/6 03:40
1,195;0,432;2024/2/6 03:50
1,193;0,432;2024/2/6 04:00
1,202;0,432;2024/2/6 04:10
1,221;0,436;2024/2/6 04:20
1,229;0,436;2024/2/6 04:30
1,232;0,436;2024/2/6 04:40
1,235;0,436;2024/2/6 04:50
1,241;0,439;2024/2/6 05:00
1,242;0,439;2024/2/6 05:10
1,243;0,439;2024/2/6 05:20
1,243;0,439;2024/2/6 05:30
1,237;0,436;2024/2/6 05:40
1,229;0,436;2024/2/6 05:50
1,226;0,436;2024/2/6 06:00
1,223;0,436;2024/2/6 06:10
1,221;0,436;2024/2/6 06:20
1,221;0,436;2024/2/6 06:30
1,22;0,436;2024/2/6 06:40
1,22;0,436;2024/2/6 06:50
1,219;0,436;2024/2/6 07:00
1,217;0,436;2024/2/6 07:10
1,212;0,432;2024/2/6 07:20
1,216;0,436;2024/2/6 07:30
1,227;0,464;2024/2/6 07:40
1,254;0,572;2024/2/6 07:50
1,209;0,568;2024/2/6 08:00
1,192;0,568;2024/2/6 08:10
1,184;0,568;2024/2/6 08:20
1,18;0,568;2024/2/6 08:30
1,176;0,568;2024/2/6 08:40
1,176;0,568;2024/2/6 08:50
1,175;0,568;2024/2/6 09:00
1,175;0,568;2024/2/6 09:10
1,176;0,568;2024/2/6 09:20
1,175;0,568;2024/2/6 09:30
1,175;0,568;2024/2/6 09:40
1,175;0,568;2024/2/6 09:50
1,176;0,568;2024/2/6 10:00
1,176;0,568;2024/2/6 10:10
1,176;0,568;2024/2/6 10:20
1,176;0,568;2024/2/6 10:30
1,176;0,568;2024/2/6 10:40
1,176;0,568;2024/2/6 10:50
1,176;0,568;2024/2/6 11:00
1,175;0,568;2024/2/6 11:10
1,175;0,568;2024/2/6 11:20
1,174;0,568;2024/2/6 11:30
1,152;0,563;2024/2/6 11:40
1,139;0,563;2024/2/6 11:50
1,133;0,563;2024/2/6 12:00
1,13;0,563;2024/2/6 12:10
1,123;0,558;2024/2/6 12:20
1,127;0,563;2024/2/6 12:30
1,127;0,563;2024/2/6 12:40
1,135;0,563;2024/2/6 12:50
1,165;0,572;2024/2/6 13:00
1,176;0,572;2024/2/6 13:10
1,183;0,572;2024/2/6 13:20
1,186;0,572;2024/2/6 13:30
1,187;0,572;2024/2/6 13:40
1,189;0,572;2024/2/6 13:50
1,18;0,568;2024/2/6 14:00
1,166;0,568;2024/2/6 14:10
1,156;0,563;2024/2/6 14:20
1,153;0,563;2024/2/6 14:30
1,152;0,563;2024/2/6 14:40
1,153;0,563;2024/2/6 14:50
1,176;0,568;2024/2/6 15:00
1,19;0,572;2024/2/6 15:10
1,193;0,572;2024/2/6 15:20
1,196;0,572;2024/2/6 15:30
1,197;0,572;2024/2/6 15:40
1,199;0,572;2024/2/6 15:50
1,2;0,572;2024/2/6 16:00
1,199;0,572;2024/2/6 16:10
1,199;0,572;2024/2/6 16:20
1,198;0,572;2024/2/6 16:30
1,184;0,568;2024/2/6 16:40
1,168;0,568;2024/2/6 16:50
1,157;0,563;2024/2/6 17:00
1,151;0,563;2024/2/6 17:10
1,128;0,558;2024/2/6 17:20
1,112;0,554;2024/2/6 17:30
1,106;0,554;2024/2/6 17:40
1,102;0,554;2024/2/6 17:50
1,102;0,554;2024/2/6 18:00
1,123;0,558;2024/2/6 18:10
1,142;0,563;2024/2/6 18:20
1,148;0,563;2024/2/6 18:30
1,152;0,563;2024/2/6 18:40
1,155;0,563;2024/2/6 18:50
1,157;0,563;2024/2/6 19:00
1,183;0,572;2024/2/6 19:10
1,195;0,572;2024/2/6 19:20
1,201;0,572;2024/2/6 19:30
1,2;0,572;2024/2/6 19:40
1,183;0,568;2024/2/6 19:50
1,176;0,568;2024/2/6 20:00
1,173;0,568;2024/2/6 20:10
1,172;0,568;2024/2/6 20:20
1,17;0,568;2024/2/6 20:30
1,165;0,563;2024/2/6 20:40
1,164;0,563;2024/2/6 20:50
1,163;0,563;2024/2/6 21:00
1,162;0,563;2024/2/6 21:10
1,162;0,563;2024/2/6 21:20
1,161;0,563;2024/2/6 21:30
1,16;0,563;2024/2/6 21:40
1,161;0,563;2024/2/6 21:50
1,161;0,563;2024/2/6 22:00
1,162;0,563;2024/2/6 22:10
1,162;0,563;2024/2/6 22:20
1,161;0,563;2024/2/6 22:30
1,161;0,563;2024/2/6 22:40
1,16;0,563;2024/2/6 22:50
1,16;0,563;2024/2/6 23:00
1,16;0,563;2024/2/6 23:10
1,16;0,563;2024/2/6 23:20
1,16;0,563;2024/2/6 23:30
1,159;0,563;2024/2/6 23:40
1,16;0,563;2024/2/6 23:50
1,16;0,563;2024/2/7
1,16;0,563;2024/2/7 00:10
1,16;0,563;2024/2/7 00:20
1,149;0,558;2024/2/7 00:30
1,14;0,558;2024/2/7 00:40
1,137;0,558;2024/2/7 00:50
1,135;0,558;2024/2/7 01:00
1,13;0,554;2024/2/7 01:10
1,131;0,554;2024/2/7 01:20
1,132;0,554;2024/2/7 01:30
1,132;0,554;2024/2/7 01:40
1,131;0,554;2024/2/7 01:50
1,131;0,554;2024/2/7 02:00
1,147;0,558;2024/2/7 02:10
1,168;0,563;2024/2/7 02:20
1,18;0,568;2024/2/7 02:30
1,184;0,568;2024/2/7 02:40
1,174;0,563;2024/2/7 02:50
1,165;0,563;2024/2/7 03:00
1,156;0,558;2024/2/7 03:10
1,155;0,558;2024/2/7 03:20
1,153;0,558;2024/2/7 03:30
1,154;0,558;2024/2/7 03:40
1,153;0,558;2024/2/7 03:50
1,153;0,558;2024/2/7 04:00
1,153;0,558;2024/2/7 04:10
1,151;0,558;2024/2/7 04:20
1,151;0,558;2024/2/7 04:30
1,15;0,558;2024/2/7 04:40
1,149;0,558;2024/2/7 04:50
1,15;0,558;2024/2/7 05:00
1,149;0,558;2024/2/7 05:10
1,148;0,558;2024/2/7 05:20
1,147;0,558;2024/2/7 05:30
1,142;0,558;2024/2/7 05:40
1,114;0,549;2024/2/7 05:50
1,106;0,549;2024/2/7 06:00
1,098;0,545;2024/2/7 06:10
1,105;0,549;2024/2/7 06:20
1,126;0,554;2024/2/7 06:30
1,138;0,554;2024/2/7 06:40
1,142;0,554;2024/2/7 06:50
1,15;0,558;2024/2/7 07:00
1,152;0,558;2024/2/7 07:10
1,154;0,558;2024/2/7 07:20
1,154;0,558;2024/2/7 07:30
1,154;0,558;2024/2/7 07:40
1,154;0,558;2024/2/7 07:50
1,149;0,554;2024/2/7 08:00
1,149;0,554;2024/2/7 08:10
1,146;0,554;2024/2/7 08:20
1,125;0,549;2024/2/7 08:30
1,116;0,549;2024/2/7 08:40
1,114;0,549;2024/2/7 08:50
1,113;0,549;2024/2/7 09:00
1,112;0,549;2024/2/7 09:10
1,115;0,549;2024/2/7 09:20
1,142;0,554;2024/2/7 09:30
1,157;0,558;2024/2/7 09:40
1,163;0,558;2024/2/7 09:50
1,16;0,558;2024/2/7 10:00
1,14;0,554;2024/2/7 10:10
1,127;0,549;2024/2/7 10:20
1,124;0,549;2024/2/7 10:30
1,122;0,549;2024/2/7 10:40
1,123;0,549;2024/2/7 10:50
1,123;0,549;2024/2/7 11:00
1,122;0,549;2024/2/7 11:10
1,122;0,549;2024/2/7 11:20
1,122;0,549;2024/2/7 11:30
1,122;0,549;2024/2/7 11:40
1,121;0,549;2024/2/7 11:50
1,125;0,554;2024/2/7 12:00
1,125;0,554;2024/2/7 12:10
1,131;0,554;2024/2/7 12:20
1,158;0,558;2024/2/7 12:30
1,176;0,563;2024/2/7 12:40
1,173;0,563;2024/2/7 12:50
1,156;0,558;2024/2/7 13:00
1,145;0,554;2024/2/7 13:10
1,121;0,549;2024/2/7 13:20
1,109;0,549;2024/2/7 13:30
1,105;0,549;2024/2/7 13:40
1,102;0,549;2024/2/7 13:50
1,096;0,545;2024/2/7 14:00
1,094;0,545;2024/2/7 14:10
1,094;0,545;2024/2/7 14:20
1,098;0,549;2024/2/7 14:30
1,095;0,545;2024/2/7 14:40
1,095;0,545;2024/2/7 14:50
1,096;0,545;2024/2/7 15:00
1,124;0,554;2024/2/7 15:10
1,165;0,563;2024/2/7 15:20
1,19;0,568;2024/2/7 15:30
1,192;0,568;2024/2/7 15:40
1,175;0,563;2024/2/7 15:50
1,148;0,554;2024/2/7 16:00
1,14;0,554;2024/2/7 16:10
1,131;0,549;2024/2/7 16:20
1,127;0,549;2024/2/7 16:30
1,127;0,549;2024/2/7 16:40
1,117;0,549;2024/2/7 16:50
1,095;0,545;2024/2/7 17:00
1,085;0,545;2024/2/7 17:10
1,082;0,545;2024/2/7 17:20
1,082;0,545;2024/2/7 17:30
1,09;0,545;2024/2/7 17:40
1,121;0,554;2024/2/7 17:50
1,133;0,554;2024/2/7 18:00
1,14;0,554;2024/2/7 18:10
1,15;0,558;2024/2/7 18:20
1,153;0,558;2024/2/7 18:30
1,154;0,558;2024/2/7 18:40
1,142;0,554;2024/2/7 18:50
1,134;0,554;2024/2/7 19:00
1,129;0,554;2024/2/7 19:10
1,128;0,554;2024/2/7 19:20
1,126;0,554;2024/2/7 19:30
1,136;0,554;2024/2/7 19:40
1,166;0,563;2024/2/7 19:50
1,174;0,563;2024/2/7 20:00
1,177;0,563;2024/2/7 20:10
1,18;0,563;2024/2/7 20:20
1,181;0,563;2024/2/7 20:30
1,182;0,563;2024/2/7 20:40
1,182;0,563;2024/2/7 20:50
1,181;0,563;2024/2/7 21:00
1,189;0,563;2024/2/7 21:10
1,207;0,568;2024/2/7 21:20
1,218;0,572;2024/2/7 21:30
1,22;0,572;2024/2/7 21:40
1,217;0,568;2024/2/7 21:50
1,221;0,572;2024/2/7 22:00
1,221;0,572;2024/2/7 22:10
1,221;0,572;2024/2/7 22:20
1,215;0,568;2024/2/7 22:30
1,202;0,568;2024/2/7 22:40
1,187;0,563;2024/2/7 22:50
1,181;0,563;2024/2/7 23:00
1,179;0,563;2024/2/7 23:10
1,178;0,563;2024/2/7 23:20
1,181;0,563;2024/2/7 23:30
1,199;0,568;2024/2/7 23:40
1,206;0,568;2024/2/7 23:50
1,209;0,568;2024/2/8
1,21;0,568;2024/2/8 00:10
1,209;0,568;2024/2/8 00:20
1,19;0,563;2024/2/8 00:30
1,18;0,563;2024/2/8 00:40
1,175;0,563;2024/2/8 00:50
1,173;0,563;2024/2/8 01:00
1,171;0,563;2024/2/8 01:10
1,17;0,563;2024/2/8 01:20
1,168;0,563;2024/2/8 01:30
1,163;0,558;2024/2/8 01:40
1,168;0,563;2024/2/8 01:50
1,169;0,563;2024/2/8 02:00
1,169;0,563;2024/2/8 02:10
1,169;0,563;2024/2/8 02:20
1,169;0,563;2024/2/8 02:30
1,17;0,563;2024/2/8 02:40
1,17;0,563;2024/2/8 02:50
1,17;0,563;2024/2/8 03:00
1,17;0,563;2024/2/8 03:10
1,17;0,563;2024/2/8 03:20
1,169;0,563;2024/2/8 03:30
1,168;0,563;2024/2/8 03:40
1,167;0,563;2024/2/8 03:50
1,161;0,558;2024/2/8 04:00
1,163;0,563;2024/2/8 04:10
1,145;0,558;2024/2/8 04:20
1,132;0,554;2024/2/8 04:30
1,111;0,549;2024/2/8 04:40
1,095;0,545;2024/2/8 04:50
1,09;0,545;2024/2/8 05:00
1,096;0,549;2024/2/8 05:10
1,132;0,558;2024/2/8 05:20
1,165;0,563;2024/2/8 05:30
1,176;0,563;2024/2/8 05:40
1,167;0,563;2024/2/8 05:50
1,147;0,558;2024/2/8 06:00
1,126;0,554;2024/2/8 06:10
1,119;0,554;2024/2/8 06:20
1,116;0,554;2024/2/8 06:30
1,114;0,554;2024/2/8 06:40
1,113;0,554;2024/2/8 06:50
1,107;0,549;2024/2/8 07:00
1,117;0,554;2024/2/8 07:10
1,139;0,558;2024/2/8 07:20
1,147;0,558;2024/2/8 07:30
1,152;0,558;2024/2/8 07:40
1,153;0,558;2024/2/8 07:50
1,148;0,558;2024/2/8 08:00
1,128;0,554;2024/2/8 08:10
1,115;0,549;2024/2/8 08:20
1,113;0,549;2024/2/8 08:30
1,111;0,549;2024/2/8 08:40
1,11;0,549;2024/2/8 08:50
1,109;0,549;2024/2/8 09:00
1,113;0,554;2024/2/8 09:10
1,107;0,549;2024/2/8 09:20
1,112;0,549;2024/2/8 09:30
1,141;0,558;2024/2/8 09:40
1,15;0,558;2024/2/8 09:50
1,152;0,558;2024/2/8 10:00
1,132;0,554;2024/2/8 10:10
1,107;0,549;2024/2/8 10:20
1,089;0,545;2024/2/8 10:30
1,088;0,549;2024/2/8 10:40
1,085;0,549;2024/2/8 10:50
1,084;0,549;2024/2/8 11:00
1,079;0,545;2024/2/8 11:10
1,077;0,545;2024/2/8 11:20
1,078;0,545;2024/2/8 11:30
1,078;0,545;2024/2/8 11:40
1,078;0,545;2024/2/8 11:50
1,077;0,545;2024/2/8 12:00
1,077;0,545;2024/2/8 12:10
1,076;0,545;2024/2/8 12:20
1,078;0,545;2024/2/8 12:30
1,085;0,545;2024/2/8 12:40
1,115;0,554;2024/2/8 12:50
1,124;0,554;2024/2/8 13:00
1,128;0,554;2024/2/8 13:10
1,124;0,554;2024/2/8 13:20
1,104;0,549;2024/2/8 13:30
1,091;0,545;2024/2/8 13:40
1,087;0,545;2024/2/8 13:50
1,085;0,545;2024/2/8 14:00
1,086;0,545;2024/2/8 14:10
1,116;0,554;2024/2/8 14:20
1,132;0,558;2024/2/8 14:30
1,136;0,558;2024/2/8 14:40
1,12;0,554;2024/2/8 14:50
1,098;0,549;2024/2/8 15:00
1,085;0,545;2024/2/8 15:10
1,081;0,545;2024/2/8 15:20
1,097;0,549;2024/2/8 15:30
1,123;0,554;2024/2/8 15:40
1,136;0,558;2024/2/8 15:50
1,139;0,558;2024/2/8 16:00
1,127;0,554;2024/2/8 16:10
1,091;0,545;2024/2/8 16:20
1,037;0,536;2024/2/8 16:30
1,033;0,532;2024/2/8 16:40
1,028;0,527;2024/2/8 16:50
1,028;0,527;2024/2/8 17:00
1,033;0,532;2024/2/8 17:10
1,037;0,536;2024/2/8 17:20
1,072;0,545;2024/2/8 17:30
1,09;0,549;2024/2/8 17:40
1,096;0,549;2024/2/8 17:50
1,099;0,549;2024/2/8 18:00
1,1;0,549;2024/2/8 18:10
1,101;0,549;2024/2/8 18:20
1,1;0,549;2024/2/8 18:30
1,102;0,549;2024/2/8 18:40
1,107;0,549;2024/2/8 18:50
1,138;0,558;2024/2/8 19:00
1,148;0,558;2024/2/8 19:10
1,12;0,554;2024/2/8 19:20
1,069;0,54;2024/2/8 19:30
1,046;0,536;2024/2/8 19:40
1,05;0,54;2024/2/8 19:50
1,078;0,549;2024/2/8 20:00
1,089;0,549;2024/2/8 20:10
1,092;0,549;2024/2/8 20:20
1,091;0,549;2024/2/8 20:30
1,084;0,545;2024/2/8 20:40
1,085;0,545;2024/2/8 20:50
1,091;0,549;2024/2/8 21:00
1,095;0,549;2024/2/8 21:10
1,097;0,549;2024/2/8 21:20
1,119;0,554;2024/2/8 21:30
1,138;0,558;2024/2/8 21:40
1,139;0,558;2024/2/8 21:50
1,051;0,545;2024/2/8 22:00
1,038;0,532;2024/2/8 22:10
1,034;0,527;2024/2/8 22:20
1,038;0,532;2024/2/8 22:30
1,046;0,54;2024/2/8 22:40
1,071;0,545;2024/2/8 22:50
1,077;0,545;2024/2/8 23:00
1,078;0,545;2024/2/8 23:10
1,08;0,545;2024/2/8 23:20
1,105;0,549;2024/2/8 23:30
1,124;0,554;2024/2/8 23:40
1,134;0,558;2024/2/8 23:50
1,134;0,554;2024/2/9
1,134;0,554;2024/2/9 00:10
1,135;0,554;2024/2/9 00:20
1,128;0,554;2024/2/9 00:30
1,082;0,545;2024/2/9 00:40
1,044;0,536;2024/2/9 00:50
1,037;0,536;2024/2/9 01:00
1,06;0,54;2024/2/9 01:10
1,106;0,554;2024/2/9 01:20
1,117;0,554;2024/2/9 01:30
1,096;0,549;2024/2/9 01:40
1,079;0,545;2024/2/9 01:50
1,07;0,54;2024/2/9 02:00
1,067;0,54;2024/2/9 02:10
1,066;0,54;2024/2/9 02:20
1,065;0,54;2024/2/9 02:30
1,069;0,545;2024/2/9 02:40
1,089;0,549;2024/2/9 02:50
1,118;0,554;2024/2/9 03:00
1,149;0,558;2024/2/9 03:10
1,143;0,558;2024/2/9 03:20
1,096;0,545;2024/2/9 03:30
1,067;0,54;2024/2/9 03:40
1,04;0,532;2024/2/9 03:50
1,035;0,527;2024/2/9 04:00
1,04;0,532;2024/2/9 04:10
1,053;0,545;2024/2/9 04:20
1,097;0,549;2024/2/9 04:30
1,104;0,549;2024/2/9 04:40
1,105;0,549;2024/2/9 04:50
1,106;0,549;2024/2/9 05:00
1,106;0,549;2024/2/9 05:10
1,107;0,549;2024/2/9 05:20
1,108;0,549;2024/2/9 05:30
1,102;0,549;2024/2/9 05:40
1,066;0,54;2024/2/9 05:50
1,047;0,536;2024/2/9 06:00
1,045;0,536;2024/2/9 06:10
1,067;0,54;2024/2/9 06:20
1,082;0,545;2024/2/9 06:30
1,085;0,545;2024/2/9 06:40
1,085;0,545;2024/2/9 06:50
1,086;0,545;2024/2/9 07:00
1,086;0,545;2024/2/9 07:10
1,087;0,545;2024/2/9 07:20
1,088;0,545;2024/2/9 07:30
1,089;0,545;2024/2/9 07:40
1,109;0,549;2024/2/9 07:50
1,132;0,554;2024/2/9 08:00
1,141;0,554;2024/2/9 08:10
1,149;0,558;2024/2/9 08:20
1,149;0,558;2024/2/9 08:30
1,145;0,554;2024/2/9 08:40
1,149;0,558;2024/2/9 08:50
1,118;0,549;2024/2/9 09:00
1,063;0,54;2024/2/9 09:10
1,039;0,536;2024/2/9 09:20
1,06;0,54;2024/2/9 09:30
1,102;0,549;2024/2/9 09:40
1,12;0,554;2024/2/9 09:50
1,107;0,549;2024/2/9 10:00
1,073;0,54;2024/2/9 10:10
1,054;0,54;2024/2/9 10:20
1,05;0,54;2024/2/9 10:30
1,072;0,545;2024/2/9 10:40
1,081;0,545;2024/2/9 10:50
1,085;0,545;2024/2/9 11:00
1,086;0,545;2024/2/9 11:10
1,086;0,545;2024/2/9 11:20
1,089;0,545;2024/2/9 11:30
1,097;0,549;2024/2/9 11:40
1,099;0,549;2024/2/9 11:50
1,099;0,549;2024/2/9 12:00
1,098;0,549;2024/2/9 12:10
1,098;0,549;2024/2/9 12:20
1,121;0,554;2024/2/9 12:30
1,14;0,558;2024/2/9 12:40
1,14;0,558;2024/2/9 12:50
1,124;0,554;2024/2/9 13:00
1,118;0,554;2024/2/9 13:10
1,116;0,554;2024/2/9 13:20
1,097;0,549;2024/2/9 13:30
1,081;0,545;2024/2/9 13:40
1,075;0,545;2024/2/9 13:50
1,072;0,545;2024/2/9 14:00
1,069;0,545;2024/2/9 14:10
1,083;0,545;2024/2/9 14:20
1,116;0,554;2024/2/9 14:30
1,121;0,554;2024/2/9 14:40
1,108;0,549;2024/2/9 14:50
1,103;0,549;2024/2/9 15:00
1,101;0,549;2024/2/9 15:10
1,095;0,549;2024/2/9 15:20
1,055;0,54;2024/2/9 15:30
1,047;0,532;2024/2/9 15:40
1,042;0,527;2024/2/9 15:50
1,055;0,54;2024/2/9 16:00
1,082;0,549;2024/2/9 16:10
1,074;0,545;2024/2/9 16:20
1,058;0,54;2024/2/9 16:30
1,051;0,54;2024/2/9 16:40
1,05;0,54;2024/2/9 16:50
1,053;0,545;2024/2/9 17:00
1,076;0,549;2024/2/9 17:10
1,098;0,554;2024/2/9 17:20
1,106;0,554;2024/2/9 17:30
1,109;0,554;2024/2/9 17:40
1,112;0,554;2024/2/9 17:50
1,114;0,554;2024/2/9 18:00
1,116;0,554;2024/2/9 18:10
1,112;0,554;2024/2/9 18:20
1,093;0,549;2024/2/9 18:30
1,082;0,549;2024/2/9 18:40
1,055;0,545;2024/2/9 18:50
1,046;0,536;2024/2/9 19:00
1,042;0,532;2024/2/9 19:10
1,046;0,536;2024/2/9 19:20
1,055;0,545;2024/2/9 19:30
1,076;0,549;2024/2/9 19:40
1,095;0,554;2024/2/9 19:50
1,083;0,549;2024/2/9 20:00
1,075;0,549;2024/2/9 20:10
1,069;0,545;2024/2/9 20:20
1,067;0,545;2024/2/9 20:30
1,083;0,549;2024/2/9 20:40
1,104;0,554;2024/2/9 20:50
1,11;0,554;2024/2/9 21:00
1,113;0,554;2024/2/9 21:10
1,115;0,554;2024/2/9 21:20
1,121;0,558;2024/2/9 21:30
1,095;0,549;2024/2/9 21:40
1,071;0,545;2024/2/9 21:50
1,063;0,545;2024/2/9 22:00
1,059;0,545;2024/2/9 22:10
1,058;0,545;2024/2/9 22:20
1,056;0,545;2024/2/9 22:30
1,056;0,545;2024/2/9 22:40
1,055;0,545;2024/2/9 22:50
1,059;0,545;2024/2/9 23:00
1,092;0,554;2024/2/9 23:10
1,106;0,554;2024/2/9 23:20
1,112;0,554;2024/2/9 23:30
1,079;0,554;2024/2/9 23:40
1,061;0,536;2024/2/9 23:50
1,057;0,532;2024/2/10
1,061;0,536;2024/2/10 00:10
1,07;0,545;2024/2/10 00:20
1,075;0,549;2024/2/10 00:30
1,092;0,554;2024/2/10 00:40
1,098;0,554;2024/2/10 00:50
1,101;0,554;2024/2/10 01:00
1,105;0,554;2024/2/10 01:10
1,118;0,563;2024/2/10 01:20
1,123;0,563;2024/2/10 01:30
1,145;0,563;2024/2/10 01:40
1,172;0,568;2024/2/10 01:50
1,201;0,572;2024/2/10 02:00
1,222;0,577;2024/2/10 02:10
1,238;0,582;2024/2/10 02:20
1,254;0,587;2024/2/10 02:30
1,268;0,591;2024/2/10 02:40
1,284;0,591;2024/2/10 02:50
1,313;0,596;2024/2/10 03:00
1,342;0,606;2024/2/10 03:10
1,354;0,606;2024/2/10 03:20
1,373;0,611;2024/2/10 03:30
1,392;0,616;2024/2/10 03:40
1,415;0,621;2024/2/10 03:50
1,446;0,632;2024/2/10 04:00
1,481;0,637;2024/2/10 04:10
1,732;0,728;2024/2/10 04:20
2,009;0,853;2024/2/10 04:30
2,054;0,853;2024/2/10 04:40
2,008;0,818;2024/2/10 04:50
1,971;0,798;2024/2/10 05:00
1,985;0,804;2024/2/10 05:10
2,048;0,839;2024/2/10 05:20
2,064;0,839;2024/2/10 05:30
2,079;0,846;2024/2/10 05:40
2,102;0,86;2024/2/10 05:50
2,111;0,86;2024/2/10 06:00
2,132;0,867;2024/2/10 06:10
2,167;0,889;2024/2/10 06:20
2,214;0,919;2024/2/10 06:30
2,289;0,973;2024/2/10 06:40
2,369;1,031;2024/2/10 06:50
2,471;1,118;2024/2/10 07:00
2,536;1,173;2024/2/10 07:10
2,589;1,221;2024/2/10 07:20
2,644;1,27;2024/2/10 07:30
2,646;1,27;2024/2/10 07:40
2,663;1,29;2024/2/10 07:50
2,674;1,3;2024/2/10 08:00
2,686;1,31;2024/2/10 08:10
2,688;1,31;2024/2/10 08:20
2,679;1,3;2024/2/10 08:30
2,627;1,25;2024/2/10 08:40
2,617;1,24;2024/2/10 08:50
2,575;1,202;2024/2/10 09:00
2,526;1,155;2024/2/10 09:10
2,457;1,091;2024/2/10 09:20
2,398;1,039;2024/2/10 09:30
2,381;1,022;2024/2/10 09:40
2,388;1,031;2024/2/10 09:50
2,389;1,031;2024/2/10 10:00
2,353;0,998;2024/2/10 10:10
2,324;0,973;2024/2/10 10:20
2,306;0,958;2024/2/10 10:30
2,304;0,958;2024/2/10 10:40
2,443;1,082;2024/2/10 10:50
2,618;1,24;2024/2/10 11:00
2,621;1,24;2024/2/10 11:10
2,403;1,039;2024/2/10 11:20
2,262;0,919;2024/2/10 11:30
2,219;0,889;2024/2/10 11:40
2,213;0,889;2024/2/10 11:50
2,189;0,874;2024/2/10 12:00
2,168;0,867;2024/2/10 12:10
2,138;0,853;2024/2/10 12:20
2,118;0,846;2024/2/10 12:30
2,104;0,839;2024/2/10 12:40
2,102;0,839;2024/2/10 12:50
2,096;0,839;2024/2/10 13:00
2,097;0,839;2024/2/10 13:10
2,094;0,839;2024/2/10 13:20
2,081;0,832;2024/2/10 13:30
2,041;0,811;2024/2/10 13:40
2,01;0,798;2024/2/10 13:50
2,004;0,798;2024/2/10 14:00
2,006;0,798;2024/2/10 14:10
1,999;0,798;2024/2/10 14:20
1,972;0,784;2024/2/10 14:30
1,958;0,778;2024/2/10 14:40
1,938;0,771;2024/2/10 14:50
1,922;0,765;2024/2/10 15:00
1,908;0,759;2024/2/10 15:10
1,882;0,746;2024/2/10 15:20
1,862;0,74;2024/2/10 15:30
1,841;0,728;2024/2/10 15:40
1,829;0,722;2024/2/10 15:50
1,815;0,716;2024/2/10 16:00
1,801;0,71;2024/2/10 16:10
1,785;0,704;2024/2/10 16:20
1,761;0,692;2024/2/10 16:30
1,752;0,692;2024/2/10 16:40
1,74;0,686;2024/2/10 16:50
1,736;0,686;2024/2/10 17:00
1,731;0,686;2024/2/10 17:10
1,723;0,681;2024/2/10 17:20
1,721;0,681;2024/2/10 17:30
1,713;0,675;2024/2/10 17:40
1,694;0,669;2024/2/10 17:50
1,671;0,664;2024/2/10 18:00
1,662;0,664;2024/2/10 18:10
1,651;0,658;2024/2/10 18:20
1,648;0,658;2024/2/10 18:30
1,639;0,653;2024/2/10 18:40
1,636;0,653;2024/2/10 18:50
1,632;0,653;2024/2/10 19:00
1,63;0,653;2024/2/10 19:10
1,606;0,642;2024/2/10 19:20
1,587;0,637;2024/2/10 19:30
1,582;0,637;2024/2/10 19:40
1,576;0,637;2024/2/10 19:50
1,569;0,632;2024/2/10 20:00
1,566;0,632;2024/2/10 20:10
1,563;0,632;2024/2/10 20:20
1,554;0,632;2024/2/10 20:30
1,542;0,626;2024/2/10 20:40
1,538;0,626;2024/2/10 20:50
1,534;0,626;2024/2/10 21:00
1,526;0,621;2024/2/10 21:10
1,529;0,621;2024/2/10 21:20
1,528;0,621;2024/2/10 21:30
1,521;0,621;2024/2/10 21:40
1,497;0,616;2024/2/10 21:50
1,486;0,616;2024/2/10 22:00
1,462;0,611;2024/2/10 22:10
1,284;0,577;2024/2/10 22:20
1,21;0,503;2024/2/10 22:30
1,214;0,507;2024/2/10 22:40
1,222;0,515;2024/2/10 22:50
1,222;0,515;2024/2/10 23:00
1,214;0,507;2024/2/10 23:10
1,206;0,499;2024/2/10 23:20
1,303;0,596;2024/2/10 23:30
1,598;0,681;2024/2/10 23:40
1,692;0,692;2024/2/10 23:50
1,675;0,669;2024/2/11
1,622;0,648;2024/2/11 00:10
1,552;0,626;2024/2/11 00:20
1,492;0,611;2024/2/11 00:30
1,436;0,596;2024/2/11 00:40
1,396;0,591;2024/2/11 00:50
1,358;0,582;2024/2/11 01:00
1,326;0,577;2024/2/11 01:10
1,304;0,572;2024/2/11 01:20
1,284;0,568;2024/2/11 01:30
1,269;0,568;2024/2/11 01:40
1,257;0,563;2024/2/11 01:50
1,254;0,563;2024/2/11 02:00
1,251;0,563;2024/2/11 02:10
1,25;0,563;2024/2/11 02:20
1,248;0,563;2024/2/11 02:30
1,251;0,563;2024/2/11 02:40
1,258;0,563;2024/2/11 02:50
1,27;0,568;2024/2/11 03:00
1,277;0,568;2024/2/11 03:10
1,288;0,572;2024/2/11 03:20
1,29;0,572;2024/2/11 03:30
1,291;0,572;2024/2/11 03:40
1,294;0,572;2024/2/11 03:50
1,297;0,572;2024/2/11 04:00
1,299;0,572;2024/2/11 04:10
1,301;0,572;2024/2/11 04:20
1,302;0,572;2024/2/11 04:30
1,302;0,572;2024/2/11 04:40
1,302;0,572;2024/2/11 04:50
1,302;0,572;2024/2/11 05:00
1,305;0,572;2024/2/11 05:10
1,309;0,572;2024/2/11 05:20
1,319;0,577;2024/2/11 05:30
1,325;0,577;2024/2/11 05:40
1,341;0,582;2024/2/11 05:50
1,346;0,582;2024/2/11 06:00
1,353;0,582;2024/2/11 06:10
1,358;0,582;2024/2/11 06:20
1,365;0,587;2024/2/11 06:30
1,368;0,587;2024/2/11 06:40
1,367;0,587;2024/2/11 06:50
1,37;0,587;2024/2/11 07:00
1,375;0,587;2024/2/11 07:10
1,383;0,591;2024/2/11 07:20
1,394;0,591;2024/2/11 07:30
1,411;0,596;2024/2/11 07:40
1,413;0,596;2024/2/11 07:50
1,57;0,642;2024/2/11 08:00
1,785;0,728;2024/2/11 08:10
1,79;0,716;2024/2/11 08:20
1,714;0,675;2024/2/11 08:30
1,609;0,637;2024/2/11 08:40
1,346;0,596;2024/2/11 08:50
1,261;0,511;2024/2/11 09:00
1,245;0,495;2024/2/11 09:10
1,269;0,519;2024/2/11 09:20
1,327;0,577;2024/2/11 09:30
1,661;0,692;2024/2/11 09:40
1,732;0,704;2024/2/11 09:50
1,671;0,664;2024/2/11 10:00
1,584;0,632;2024/2/11 10:10
1,554;0,621;2024/2/11 10:20
1,594;0,642;2024/2/11 10:30
1,584;0,637;2024/2/11 10:40
1,586;0,637;2024/2/11 10:50
1,584;0,637;2024/2/11 11:00
1,569;0,632;2024/2/11 11:10
1,367;0,582;2024/2/11 11:20
1,11;0,519;2024/2/11 11:30
1,142;0,536;2024/2/11 11:40
1,27;0,568;2024/2/11 11:50
1,354;0,587;2024/2/11 12:00
1,374;0,587;2024/2/11 12:10
1,378;0,587;2024/2/11 12:20
1,386;0,591;2024/2/11 12:30
1,38;0,587;2024/2/11 12:40
1,363;0,582;2024/2/11 12:50
1,336;0,577;2024/2/11 13:00
1,315;0,572;2024/2/11 13:10
1,299;0,568;2024/2/11 13:20
1,289;0,568;2024/2/11 13:30
1,276;0,563;2024/2/11 13:40
1,273;0,563;2024/2/11 13:50
1,29;0,568;2024/2/11 14:00
1,311;0,572;2024/2/11 14:10
1,338;0,577;2024/2/11 14:20
1,405;0,591;2024/2/11 14:30
1,706;0,698;2024/2/11 14:40
1,86;0,759;2024/2/11 14:50
1,817;0,722;2024/2/11 15:00
1,72;0,675;2024/2/11 15:10
1,619;0,637;2024/2/11 15:20
1,575;0,626;2024/2/11 15:30
1,591;0,637;2024/2/11 15:40
1,578;0,632;2024/2/11 15:50
1,555;0,626;2024/2/11 16:00
1,532;0,616;2024/2/11 16:10
1,504;0,611;2024/2/11 16:20
1,455;0,596;2024/2/11 16:30
1,427;0,591;2024/2/11 16:40
1,412;0,591;2024/2/11 16:50
1,397;0,587;2024/2/11 17:00
1,228;0,554;2024/2/11 17:10
1,091;0,491;2024/2/11 17:20
1,089;0,499;2024/2/11 17:30
1,127;0,54;2024/2/11 17:40
1,239;0,563;2024/2/11 17:50
1,276;0,568;2024/2/11 18:00
1,287;0,568;2024/2/11 18:10
1,293;0,568;2024/2/11 18:20
1,297;0,568;2024/2/11 18:30
1,318;0,572;2024/2/11 18:40
1,353;0,582;2024/2/11 18:50
1,371;0,587;2024/2/11 19:00
1,37;0,587;2024/2/11 19:10
1,36;0,582;2024/2/11 19:20
1,356;0,582;2024/2/11 19:30
1,35;0,582;2024/2/11 19:40
1,346;0,582;2024/2/11 19:50
1,336;0,577;2024/2/11 20:00
1,332;0,577;2024/2/11 20:10
1,327;0,577;2024/2/11 20:20
1,286;0,568;2024/2/11 20:30
1,192;0,545;2024/2/11 20:40
1,107;0,527;2024/2/11 20:50
1,092;0,527;2024/2/11 21:00
1,143;0,54;2024/2/11 21:10
1,171;0,545;2024/2/11 21:20
1,213;0,554;2024/2/11 21:30
1,23;0,558;2024/2/11 21:40
1,227;0,554;2024/2/11 21:50
1,23;0,558;2024/2/11 22:00
1,222;0,554;2024/2/11 22:10
1,239;0,558;2024/2/11 22:20
1,325;0,577;2024/2/11 22:30
1,407;0,596;2024/2/11 22:40
1,451;0,606;2024/2/11 22:50
1,466;0,606;2024/2/11 23:00
1,472;0,606;2024/2/11 23:10
1,468;0,606;2024/2/11 23:20
1,452;0,601;2024/2/11 23:30
1,433;0,596;2024/2/11 23:40
1,417;0,596;2024/2/11 23:50
1,398;0,591;2024/2/12
1,384;0,587;2024/2/12 00:10
1,377;0,587;2024/2/12 00:20
1,372;0,587;2024/2/12 00:30
1,361;0,582;2024/2/12 00:40
1,345;0,577;2024/2/12 00:50
1,331;0,577;2024/2/12 01:00
1,311;0,572;2024/2/12 01:10
1,293;0,568;2024/2/12 01:20
1,277;0,563;2024/2/12 01:30
1,268;0,563;2024/2/12 01:40
1,263;0,563;2024/2/12 01:50
1,255;0,558;2024/2/12 02:00
1,254;0,558;2024/2/12 02:10
1,256;0,558;2024/2/12 02:20
1,256;0,558;2024/2/12 02:30
1,261;0,563;2024/2/12 02:40
1,261;0,563;2024/2/12 02:50
1,256;0,558;2024/2/12 03:00
1,262;0,563;2024/2/12 03:10
1,261;0,563;2024/2/12 03:20
1,261;0,563;2024/2/12 03:30
1,262;0,563;2024/2/12 03:40
1,262;0,563;2024/2/12 03:50
1,261;0,563;2024/2/12 04:00
1,261;0,563;2024/2/12 04:10
1,261;0,563;2024/2/12 04:20
1,256;0,558;2024/2/12 04:30
1,257;0,558;2024/2/12 04:40
1,258;0,558;2024/2/12 04:50
1,264;0,563;2024/2/12 05:00
1,265;0,563;2024/2/12 05:10
1,267;0,563;2024/2/12 05:20
1,267;0,563;2024/2/12 05:30
1,267;0,563;2024/2/12 05:40
1,268;0,563;2024/2/12 05:50
1,268;0,563;2024/2/12 06:00
1,268;0,563;2024/2/12 06:10
1,269;0,563;2024/2/12 06:20
1,272;0,563;2024/2/12 06:30
1,274;0,563;2024/2/12 06:40
1,274;0,563;2024/2/12 06:50
1,275;0,563;2024/2/12 07:00
1,275;0,563;2024/2/12 07:10
1,273;0,563;2024/2/12 07:20
1,273;0,563;2024/2/12 07:30
1,272;0,563;2024/2/12 07:40
1,272;0,563;2024/2/12 07:50
1,272;0,563;2024/2/12 08:00
1,272;0,563;2024/2/12 08:10
1,266;0,558;2024/2/12 08:20
1,273;0,563;2024/2/12 08:30
1,273;0,563;2024/2/12 08:40
1,274;0,563;2024/2/12 08:50
1,275;0,563;2024/2/12 09:00
1,276;0,563;2024/2/12 09:10
1,275;0,563;2024/2/12 09:20
1,275;0,563;2024/2/12 09:30
1,275;0,563;2024/2/12 09:40
1,274;0,563;2024/2/12 09:50
1,274;0,563;2024/2/12 10:00
1,269;0,563;2024/2/12 10:10
1,27;0,563;2024/2/12 10:20
1,273;0,563;2024/2/12 10:30
1,271;0,563;2024/2/12 10:40
1,268;0,563;2024/2/12 10:50
1,266;0,563;2024/2/12 11:00
1,253;0,558;2024/2/12 11:10
1,257;0,558;2024/2/12 11:20
1,257;0,558;2024/2/12 11:30
1,254;0,554;2024/2/12 11:40
1,258;0,558;2024/2/12 11:50
1,256;0,554;2024/2/12 12:00
1,256;0,554;2024/2/12 12:10
1,254;0,554;2024/2/12 12:20
1,252;0,554;2024/2/12 12:30
1,252;0,554;2024/2/12 12:40
1,251;0,554;2024/2/12 12:50
1,245;0,549;2024/2/12 13:00
1,245;0,549;2024/2/12 13:10
1,241;0,549;2024/2/12 13:20
1,24;0,549;2024/2/12 13:30
1,242;0,549;2024/2/12 13:40
1,243;0,549;2024/2/12 13:50
1,243;0,549;2024/2/12 14:00
1,242;0,549;2024/2/12 14:10
1,244;0,549;2024/2/12 14:20
1,253;0,554;2024/2/12 14:30
1,258;0,554;2024/2/12 14:40
1,266;0,554;2024/2/12 14:50
1,278;0,558;2024/2/12 15:00
1,299;0,563;2024/2/12 15:10
1,407;0,587;2024/2/12 15:20
1,71;0,692;2024/2/12 15:30
1,812;0,722;2024/2/12 15:40
1,787;0,698;2024/2/12 15:50
1,713;0,664;2024/2/12 16:00
1,634;0,637;2024/2/12 16:10
1,561;0,616;2024/2/12 16:20
1,5;0,601;2024/2/12 16:30
1,454;0,591;2024/2/12 16:40
1,437;0,587;2024/2/12 16:50
1,477;0,596;2024/2/12 17:00
1,543;0,616;2024/2/12 17:10
1,584;0,626;2024/2/12 17:20
1,608;0,632;2024/2/12 17:30
1,619;0,637;2024/2/12 17:40
1,65;0,653;2024/2/12 17:50
1,667;0,653;2024/2/12 18:00
1,702;0,664;2024/2/12 18:10
1,727;0,675;2024/2/12 18:20
1,737;0,675;2024/2/12 18:30
1,741;0,675;2024/2/12 18:40
1,75;0,681;2024/2/12 18:50
1,745;0,675;2024/2/12 19:00
1,744;0,675;2024/2/12 19:10
1,745;0,675;2024/2/12 19:20
1,746;0,675;2024/2/12 19:30
1,747;0,675;2024/2/12 19:40
1,754;0,681;2024/2/12 19:50
1,758;0,681;2024/2/12 20:00
1,802;0,704;2024/2/12 20:10
1,84;0,722;2024/2/12 20:20
1,858;0,728;2024/2/12 20:30
1,863;0,728;2024/2/12 20:40
1,864;0,728;2024/2/12 20:50
1,85;0,722;2024/2/12 21:00
1,835;0,716;2024/2/12 21:10
1,809;0,704;2024/2/12 21:20
1,781;0,692;2024/2/12 21:30
1,759;0,681;2024/2/12 21:40
1,753;0,681;2024/2/12 21:50
1,751;0,681;2024/2/12 22:00
1,764;0,686;2024/2/12 22:10
1,775;0,692;2024/2/12 22:20
1,775;0,692;2024/2/12 22:30
1,776;0,692;2024/2/12 22:40
1,775;0,692;2024/2/12 22:50
1,773;0,692;2024/2/12 23:00
1,756;0,681;2024/2/12 23:10
1,739;0,675;2024/2/12 23:20
1,722;0,669;2024/2/12 23:30
1,72;0,669;2024/2/12 23:40
1,735;0,675;2024/2/12 23:50
1,747;0,681;2024/2/13
1,747;0,681;2024/2/13 00:10
1,737;0,675;2024/2/13 00:20
1,71;0,664;2024/2/13 00:30
1,692;0,658;2024/2/13 00:40
1,684;0,658;2024/2/13 00:50
1,677;0,653;2024/2/13 01:00
1,673;0,653;2024/2/13 01:10
1,655;0,648;2024/2/13 01:20
1,648;0,648;2024/2/13 01:30
1,636;0,642;2024/2/13 01:40
1,631;0,642;2024/2/13 01:50
1,617;0,637;2024/2/13 02:00
1,611;0,637;2024/2/13 02:10
1,609;0,637;2024/2/13 02:20
1,597;0,632;2024/2/13 02:30
1,58;0,626;2024/2/13 02:40
1,575;0,626;2024/2/13 02:50
1,575;0,626;2024/2/13 03:00
1,571;0,626;2024/2/13 03:10
1,566;0,621;2024/2/13 03:20
1,564;0,621;2024/2/13 03:30
1,563;0,621;2024/2/13 03:40
1,557;0,621;2024/2/13 03:50
1,526;0,611;2024/2/13 04:00
1,52;0,611;2024/2/13 04:10
1,529;0,611;2024/2/13 04:20
1,538;0,616;2024/2/13 04:30
1,54;0,616;2024/2/13 04:40
1,54;0,616;2024/2/13 04:50
1,541;0,616;2024/2/13 05:00
1,54;0,616;2024/2/13 05:10
1,523;0,611;2024/2/13 05:20
1,496;0,601;2024/2/13 05:30
1,48;0,596;2024/2/13 05:40
1,477;0,596;2024/2/13 05:50
1,474;0,596;2024/2/13 06:00
1,486;0,601;2024/2/13 06:10
1,536;0,616;2024/2/13 06:20
1,564;0,621;2024/2/13 06:30
1,571;0,621;2024/2/13 06:40
1,56;0,616;2024/2/13 06:50
1,542;0,611;2024/2/13 07:00
1,526;0,606;2024/2/13 07:10
1,52;0,606;2024/2/13 07:20
1,506;0,601;2024/2/13 07:30
1,487;0,596;2024/2/13 07:40
1,478;0,596;2024/2/13 07:50
1,453;0,591;2024/2/13 08:00
1,434;0,587;2024/2/13 08:10
1,427;0,587;2024/2/13 08:20
1,436;0,587;2024/2/13 08:30
1,448;0,591;2024/2/13 08:40
1,45;0,591;2024/2/13 08:50
1,453;0,591;2024/2/13 09:00
1,462;0,596;2024/2/13 09:10
1,465;0,596;2024/2/13 09:20
1,469;0,596;2024/2/13 09:30
1,471;0,596;2024/2/13 09:40
1,473;0,596;2024/2/13 09:50
1,473;0,596;2024/2/13 10:00
1,475;0,596;2024/2/13 10:10
1,476;0,596;2024/2/13 10:20
1,475;0,596;2024/2/13 10:30
1,477;0,596;2024/2/13 10:40
1,477;0,596;2024/2/13 10:50
1,462;0,591;2024/2/13 11:00
1,449;0,587;2024/2/13 11:10
1,431;0,587;2024/2/13 11:20
1,399;0,577;2024/2/13 11:30
1,387;0,577;2024/2/13 11:40
1,383;0,577;2024/2/13 11:50
1,379;0,577;2024/2/13 12:00
1,379;0,577;2024/2/13 12:10
1,395;0,582;2024/2/13 12:20
1,428;0,591;2024/2/13 12:30
1,443;0,591;2024/2/13 12:40
1,445;0,591;2024/2/13 12:50
1,444;0,591;2024/2/13 13:00
1,442;0,591;2024/2/13 13:10
1,444;0,591;2024/2/13 13:20
1,458;0,596;2024/2/13 13:30
1,477;0,601;2024/2/13 13:40
1,501;0,606;2024/2/13 13:50
1,489;0,601;2024/2/13 14:00
1,468;0,596;2024/2/13 14:10
1,462;0,596;2024/2/13 14:20
1,451;0,591;2024/2/13 14:30
1,44;0,591;2024/2/13 14:40
1,423;0,587;2024/2/13 14:50
1,416;0,587;2024/2/13 15:00
1,411;0,587;2024/2/13 15:10
1,421;0,587;2024/2/13 15:20
1,449;0,591;2024/2/13 15:30
1,466;0,596;2024/2/13 15:40
1,471;0,596;2024/2/13 15:50
1,462;0,596;2024/2/13 16:00
1,434;0,587;2024/2/13 16:10
1,428;0,587;2024/2/13 16:20
1,424;0,587;2024/2/13 16:30
1,418;0,587;2024/2/13 16:40
1,401;0,582;2024/2/13 16:50
1,395;0,582;2024/2/13 17:00
1,417;0,587;2024/2/13 17:10
1,438;0,591;2024/2/13 17:20
1,446;0,591;2024/2/13 17:30
1,455;0,596;2024/2/13 17:40
1,457;0,596;2024/2/13 17:50
1,461;0,596;2024/2/13 18:00
1,464;0,596;2024/2/13 18:10
1,45;0,591;2024/2/13 18:20
1,44;0,591;2024/2/13 18:30
1,423;0,587;2024/2/13 18:40
1,413;0,587;2024/2/13 18:50
1,401;0,582;2024/2/13 19:00
1,396;0,582;2024/2/13 19:10
1,393;0,582;2024/2/13 19:20
1,393;0,582;2024/2/13 19:30
1,407;0,587;2024/2/13 19:40
1,417;0,587;2024/2/13 19:50
1,424;0,587;2024/2/13 20:00
1,429;0,591;2024/2/13 20:10
1,429;0,591;2024/2/13 20:20
1,418;0,587;2024/2/13 20:30
1,411;0,587;2024/2/13 20:40
1,409;0,587;2024/2/13 20:50
1,404;0,587;2024/2/13 21:00
1,401;0,587;2024/2/13 21:10
1,402;0,587;2024/2/13 21:20
1,403;0,587;2024/2/13 21:30
1,402;0,587;2024/2/13 21:40
1,396;0,582;2024/2/13 21:50
1,403;0,587;2024/2/13 22:00
1,402;0,587;2024/2/13 22:10
1,404;0,587;2024/2/13 22:20
1,402;0,587;2024/2/13 22:30
1,401;0,587;2024/2/13 22:40
1,403;0,587;2024/2/13 22:50
1,404;0,587;2024/2/13 23:00
1,405;0,587;2024/2/13 23:10
1,404;0,587;2024/2/13 23:20
1,402;0,587;2024/2/13 23:30
1,405;0,587;2024/2/13 23:40
1,4;0,582;2024/2/13 23:50
1,405;0,587;2024/2/14
1,405;0,587;2024/2/14 00:10
1,401;0,582;2024/2/14 00:20
1,398;0,582;2024/2/14 00:30
1,381;0,577;2024/2/14 00:40
1,373;0,577;2024/2/14 00:50
1,372;0,577;2024/2/14 01:00
1,37;0,577;2024/2/14 01:10
1,367;0,577;2024/2/14 01:20
1,367;0,577;2024/2/14 01:30
1,369;0,577;2024/2/14 01:40
1,386;0,582;2024/2/14 01:50
1,403;0,587;2024/2/14 02:00
1,409;0,587;2024/2/14 02:10
1,414;0,587;2024/2/14 02:20
1,412;0,587;2024/2/14 02:30
1,406;0,587;2024/2/14 02:40
1,404;0,587;2024/2/14 02:50
1,404;0,587;2024/2/14 03:00
1,405;0,587;2024/2/14 03:10
1,4;0,587;2024/2/14 03:20
1,382;0,582;2024/2/14 03:30
1,369;0,577;2024/2/14 03:40
1,365;0,577;2024/2/14 03:50
1,363;0,577;2024/2/14 04:00
1,376;0,582;2024/2/14 04:10
1,388;0,582;2024/2/14 04:20
1,396;0,587;2024/2/14 04:30
1,4;0,587;2024/2/14 04:40
1,403;0,587;2024/2/14 04:50
1,405;0,587;2024/2/14 05:00
1,386;0,582;2024/2/14 05:10
0,932;0,523;2024/2/14 05:20
0,583;0,483;2024/2/14 05:30
0,886;0,519;2024/2/14 05:40
1,293;0,572;2024/2/14 05:50
1,663;0,686;2024/2/14 06:00
1,772;0,716;2024/2/14 06:10
1,727;0,681;2024/2/14 06:20
1,633;0,642;2024/2/14 06:30
1,533;0,611;2024/2/14 06:40
1,451;0,591;2024/2/14 06:50
1,407;0,582;2024/2/14 07:00
1,389;0,582;2024/2/14 07:10
1,372;0,577;2024/2/14 07:20
1,361;0,577;2024/2/14 07:30
1,346;0,572;2024/2/14 07:40
1,331;0,572;2024/2/14 07:50
0,897;0,515;2024/2/14 08:00
0,882;0,475;2024/2/14 08:10
0,809;0,503;2024/2/14 08:20
1,192;0,549;2024/2/14 08:30
1,558;0,648;2024/2/14 08:40
1,747;0,71;2024/2/14 08:50
1,743;0,692;2024/2/14 09:00
1,663;0,653;2024/2/14 09:10
1,564;0,621;2024/2/14 09:20
1,295;0,558;2024/2/14 09:30
1,175;0,495;2024/2/14 09:40
1,124;0,499;2024/2/14 09:50
1,103;0,527;2024/2/14 10:00
1,214;0,554;2024/2/14 10:10
1,258;0,558;2024/2/14 10:20
1,284;0,563;2024/2/14 10:30
1,306;0,568;2024/2/14 10:40
1,321;0,568;2024/2/14 10:50
1,338;0,572;2024/2/14 11:00
1,357;0,577;2024/2/14 11:10
1,366;0,577;2024/2/14 11:20
1,376;0,582;2024/2/14 11:30
1,377;0,582;2024/2/14 11:40
1,377;0,582;2024/2/14 11:50
1,369;0,577;2024/2/14 12:00
1,367;0,577;2024/2/14 12:10
1,363;0,577;2024/2/14 12:20
1,36;0,577;2024/2/14 12:30
1,356;0,577;2024/2/14 12:40
1,35;0,572;2024/2/14 12:50
1,351;0,572;2024/2/14 13:00
1,359;0,577;2024/2/14 13:10
1,359;0,577;2024/2/14 13:20
1,361;0,577;2024/2/14 13:30
1,411;0,587;2024/2/14 13:40
1,683;0,681;2024/2/14 13:50
1,796;0,722;2024/2/14 14:00
1,753;0,692;2024/2/14 14:10
1,65;0,648;2024/2/14 14:20
1,452;0,596;2024/2/14 14:30
0,707;0,503;2024/2/14 14:40
0,879;0,479;2024/2/14 14:50
0,949;0,499;2024/2/14 15:00
1,085;0,527;2024/2/14 15:10
1,204;0,554;2024/2/14 15:20
1,252;0,558;2024/2/14 15:30
1,28;0,563;2024/2/14 15:40
1,299;0,568;2024/2/14 15:50
1,309;0,568;2024/2/14 16:00
1,325;0,572;2024/2/14 16:10
1,34;0,577;2024/2/14 16:20
1,347;0,577;2024/2/14 16:30
1,358;0,582;2024/2/14 16:40
1,368;0,582;2024/2/14 16:50
1,498;0,616;2024/2/14 17:00
1,771;0,722;2024/2/14 17:10
1,806;0,722;2024/2/14 17:20
1,728;0,681;2024/2/14 17:30
1,615;0,637;2024/2/14 17:40
1,458;0,596;2024/2/14 17:50
0,913;0,515;2024/2/14 18:00
0,586;0,483;2024/2/14 18:10
0,607;0,507;2024/2/14 18:20
1,119;0,536;2024/2/14 18:30
1,22;0,558;2024/2/14 18:40
1,262;0,563;2024/2/14 18:50
1,283;0,568;2024/2/14 19:00
1,291;0,568;2024/2/14 19:10
1,295;0,568;2024/2/14 19:20
1,302;0,568;2024/2/14 19:30
1,316;0,572;2024/2/14 19:40
1,323;0,572;2024/2/14 19:50
1,327;0,572;2024/2/14 20:00
1,326;0,572;2024/2/14 20:10
1,326;0,572;2024/2/14 20:20
1,324;0,572;2024/2/14 20:30
1,331;0,577;2024/2/14 20:40
1,336;0,577;2024/2/14 20:50
1,345;0,577;2024/2/14 21:00
1,36;0,582;2024/2/14 21:10
1,364;0,582;2024/2/14 21:20
1,365;0,582;2024/2/14 21:30
1,363;0,582;2024/2/14 21:40
1,36;0,582;2024/2/14 21:50
1,356;0,582;2024/2/14 22:00
1,347;0,577;2024/2/14 22:10
1,343;0,577;2024/2/14 22:20
1,338;0,577;2024/2/14 22:30
1,336;0,577;2024/2/14 22:40
1,333;0,577;2024/2/14 22:50
1,33;0,577;2024/2/14 23:00
1,322;0,572;2024/2/14 23:10
1,319;0,572;2024/2/14 23:20
1,316;0,572;2024/2/14 23:30
1,316;0,572;2024/2/14 23:40
1,315;0,572;2024/2/14 23:50
1,314;0,572;2024/2/15
1,313;0,572;2024/2/15 00:10
1,314;0,572;2024/2/15 00:20
1,313;0,572;2024/2/15 00:30
1,314;0,572;2024/2/15 00:40
1,315;0,572;2024/2/15 00:50
1,325;0,577;2024/2/15 01:00
1,332;0,577;2024/2/15 01:10
1,345;0,582;2024/2/15 01:20
1,349;0,582;2024/2/15 01:30
1,348;0,582;2024/2/15 01:40
1,345;0,582;2024/2/15 01:50
1,335;0,577;2024/2/15 02:00
1,333;0,577;2024/2/15 02:10
1,331;0,577;2024/2/15 02:20
1,327;0,577;2024/2/15 02:30
1,326;0,577;2024/2/15 02:40
1,323;0,577;2024/2/15 02:50
1,32;0,577;2024/2/15 03:00
1,313;0,572;2024/2/15 03:10
1,311;0,572;2024/2/15 03:20
1,308;0,572;2024/2/15 03:30
1,305;0,572;2024/2/15 03:40
1,304;0,572;2024/2/15 03:50
1,304;0,572;2024/2/15 04:00
1,302;0,572;2024/2/15 04:10
1,302;0,572;2024/2/15 04:20
1,302;0,572;2024/2/15 04:30
1,309;0,577;2024/2/15 04:40
1,312;0,577;2024/2/15 04:50
1,317;0,577;2024/2/15 05:00
1,324;0,577;2024/2/15 05:10
1,335;0,582;2024/2/15 05:20
1,336;0,582;2024/2/15 05:30
1,337;0,582;2024/2/15 05:40
1,336;0,582;2024/2/15 05:50
1,335;0,582;2024/2/15 06:00
1,328;0,577;2024/2/15 06:10
1,332;0,582;2024/2/15 06:20
1,326;0,577;2024/2/15 06:30
1,329;0,582;2024/2/15 06:40
1,324;0,577;2024/2/15 06:50
1,322;0,577;2024/2/15 07:00
1,321;0,577;2024/2/15 07:10
1,317;0,577;2024/2/15 07:20
1,316;0,577;2024/2/15 07:30
1,315;0,577;2024/2/15 07:40
1,308;0,572;2024/2/15 07:50
1,313;0,577;2024/2/15 08:00
1,313;0,577;2024/2/15 08:10
1,313;0,577;2024/2/15 08:20
1,312;0,577;2024/2/15 08:30
1,311;0,577;2024/2/15 08:40
1,311;0,577;2024/2/15 08:50
1,306;0,572;2024/2/15 09:00
1,305;0,572;2024/2/15 09:10
1,304;0,572;2024/2/15 09:20
1,303;0,572;2024/2/15 09:30
1,301;0,572;2024/2/15 09:40
1,3;0,572;2024/2/15 09:50
1,301;0,572;2024/2/15 10:00
1,299;0,572;2024/2/15 10:10
1,299;0,572;2024/2/15 10:20
1,299;0,572;2024/2/15 10:30
1,297;0,572;2024/2/15 10:40
1,297;0,572;2024/2/15 10:50
1,298;0,572;2024/2/15 11:00
1,303;0,577;2024/2/15 11:10
1,298;0,572;2024/2/15 11:20
1,303;0,577;2024/2/15 11:30
1,297;0,572;2024/2/15 11:40
1,296;0,572;2024/2/15 11:50
1,296;0,572;2024/2/15 12:00
1,293;0,572;2024/2/15 12:10
1,289;0,572;2024/2/15 12:20
1,288;0,572;2024/2/15 12:30
1,287;0,572;2024/2/15 12:40
1,287;0,572;2024/2/15 12:50
1,287;0,572;2024/2/15 13:00
1,288;0,572;2024/2/15 13:10
1,288;0,572;2024/2/15 13:20
1,289;0,572;2024/2/15 13:30
1,29;0,572;2024/2/15 13:40
1,29;0,572;2024/2/15 13:50
1,29;0,572;2024/2/15 14:00
1,29;0,572;2024/2/15 14:10
1,292;0,572;2024/2/15 14:20
1,293;0,572;2024/2/15 14:30
1,292;0,572;2024/2/15 14:40
1,293;0,572;2024/2/15 14:50
1,291;0,572;2024/2/15 15:00
1,289;0,572;2024/2/15 15:10
1,287;0,572;2024/2/15 15:20
1,285;0,572;2024/2/15 15:30
1,285;0,572;2024/2/15 15:40
1,285;0,572;2024/2/15 15:50
1,284;0,572;2024/2/15 16:00
1,285;0,572;2024/2/15 16:10
1,284;0,572;2024/2/15 16:20
1,286;0,572;2024/2/15 16:30
1,286;0,572;2024/2/15 16:40
1,285;0,572;2024/2/15 16:50
1,286;0,572;2024/2/15 17:00
1,284;0,572;2024/2/15 17:10
1,284;0,572;2024/2/15 17:20
1,285;0,572;2024/2/15 17:30
1,284;0,572;2024/2/15 17:40
1,285;0,572;2024/2/15 17:50
1,285;0,572;2024/2/15 18:00
1,282;0,572;2024/2/15 18:10
1,284;0,572;2024/2/15 18:20
1,284;0,572;2024/2/15 18:30
1,29;0,577;2024/2/15 18:40
1,292;0,577;2024/2/15 18:50
1,293;0,577;2024/2/15 19:00
1,298;0,577;2024/2/15 19:10
1,3;0,577;2024/2/15 19:20
1,302;0,577;2024/2/15 19:30
1,301;0,577;2024/2/15 19:40
1,301;0,577;2024/2/15 19:50
1,302;0,577;2024/2/15 20:00
1,302;0,577;2024/2/15 20:10
1,303;0,577;2024/2/15 20:20
1,304;0,577;2024/2/15 20:30
1,303;0,577;2024/2/15 20:40
1,304;0,577;2024/2/15 20:50
1,306;0,577;2024/2/15 21:00
1,316;0,582;2024/2/15 21:10
1,331;0,587;2024/2/15 21:20
1,348;0,591;2024/2/15 21:30
1,391;0,601;2024/2/15 21:40
1,661;0,692;2024/2/15 21:50
1,833;0,759;2024/2/15 22:00
1,821;0,74;2024/2/15 22:10
1,74;0,698;2024/2/15 22:20
1,652;0,664;2024/2/15 22:30
1,58;0,642;2024/2/15 22:40
1,536;0,632;2024/2/15 22:50
1,519;0,626;2024/2/15 23:00
1,575;0,648;2024/2/15 23:10
1,665;0,681;2024/2/15 23:20
1,727;0,704;2024/2/15 23:30
1,772;0,716;2024/2/15 23:40
1,82;0,734;2024/2/15 23:50
1,863;0,752;2024/2/16
1,906;0,771;2024/2/16 00:10
1,94;0,784;2024/2/16 00:20
1,974;0,798;2024/2/16 00:30
1,992;0,804;2024/2/16 00:40
2,024;0,818;2024/2/16 00:50
2,059;0,839;2024/2/16 01:00
2,081;0,846;2024/2/16 01:10
2,111;0,86;2024/2/16 01:20
2,173;0,896;2024/2/16 01:30
2,255;0,958;2024/2/16 01:40
2,316;1,006;2024/2/16 01:50
2,385;1,065;2024/2/16 02:00
2,514;1,183;2024/2/16 02:10
2,641;1,3;2024/2/16 02:20
2,723;1,373;2024/2/16 02:30
2,758;1,404;2024/2/16 02:40
2,771;1,415;2024/2/16 02:50
2,794;1,437;2024/2/16 03:00
2,792;1,437;2024/2/16 03:10
2,792;1,437;2024/2/16 03:20
2,769;1,415;2024/2/16 03:30
2,78;1,426;2024/2/16 03:40
2,757;1,404;2024/2/16 03:50
2,748;1,394;2024/2/16 04:00
2,736;1,383;2024/2/16 04:10
2,735;1,383;2024/2/16 04:20
2,747;1,394;2024/2/16 04:30
2,746;1,394;2024/2/16 04:40
2,734;1,383;2024/2/16 04:50
2,835;1,481;2024/2/16 05:00
3,067;1,704;2024/2/16 05:10
3,058;1,692;2024/2/16 05:20
2,804;1,448;2024/2/16 05:30
2,744;1,394;2024/2/16 05:40
2,811;1,459;2024/2/16 05:50
2,844;1,492;2024/2/16 06:00
2,821;1,47;2024/2/16 06:10
2,765;1,415;2024/2/16 06:20
2,731;1,383;2024/2/16 06:30
2,718;1,373;2024/2/16 06:40
2,706;1,362;2024/2/16 06:50
2,705;1,362;2024/2/16 07:00
2,706;1,362;2024/2/16 07:10
2,683;1,341;2024/2/16 07:20
2,685;1,341;2024/2/16 07:30
2,674;1,331;2024/2/16 07:40
2,686;1,341;2024/2/16 07:50
2,685;1,341;2024/2/16 08:00
2,684;1,341;2024/2/16 08:10
2,684;1,341;2024/2/16 08:20
2,684;1,341;2024/2/16 08:30
2,694;1,351;2024/2/16 08:40
2,706;1,362;2024/2/16 08:50
2,727;1,383;2024/2/16 09:00
2,749;1,404;2024/2/16 09:10
2,783;1,437;2024/2/16 09:20
2,774;1,426;2024/2/16 09:30
2,774;1,426;2024/2/16 09:40
2,797;1,448;2024/2/16 09:50
2,809;1,459;2024/2/16 10:00
2,819;1,47;2024/2/16 10:10
2,914;1,561;2024/2/16 10:20
3,115;1,753;2024/2/16 10:30
3,161;1,791;2024/2/16 10:40
3,019;1,655;2024/2/16 10:50
2,979;1,619;2024/2/16 11:00
3,054;1,692;2024/2/16 11:10
3,13;1,766;2024/2/16 11:20
3,186;1,817;2024/2/16 11:30
3,226;1,855;2024/2/16 11:40
3,295;1,92;2024/2/16 11:50
3,366;1,987;2024/2/16 12:00
3,439;2,055;2024/2/16 12:10
3,497;2,111;2024/2/16 12:20
3,47;2,083;2024/2/16 12:30
3,472;2,083;2024/2/16 12:40
3,47;2,083;2024/2/16 12:50
3,498;2,111;2024/2/16 13:00
3,469;2,083;2024/2/16 13:10
3,526;2,139;2024/2/16 13:20
3,543;2,153;2024/2/16 13:30
3,526;2,139;2024/2/16 13:40
3,498;2,111;2024/2/16 13:50
3,483;2,097;2024/2/16 14:00
3,467;2,083;2024/2/16 14:10
3,44;2,055;2024/2/16 14:20
3,396;2,014;2024/2/16 14:30
3,356;1,974;2024/2/16 14:40
3,342;1,96;2024/2/16 14:50
3,314;1,934;2024/2/16 15:00
3,315;1,934;2024/2/16 15:10
3,455;2,069;2024/2/16 15:20
3,486;2,097;2024/2/16 15:30
3,185;1,804;2024/2/16 15:40
3,152;1,778;2024/2/16 15:50
3,243;1,868;2024/2/16 16:00
3,247;1,868;2024/2/16 16:10
3,21;1,829;2024/2/16 16:20
3,17;1,791;2024/2/16 16:30
3,142;1,766;2024/2/16 16:40
3,115;1,741;2024/2/16 16:50
3,074;1,704;2024/2/16 17:00
3,059;1,692;2024/2/16 17:10
3,047;1,679;2024/2/16 17:20
3,022;1,655;2024/2/16 17:30
3,01;1,643;2024/2/16 17:40
2,959;1,596;2024/2/16 17:50
2,909;1,549;2024/2/16 18:00
2,883;1,526;2024/2/16 18:10
2,87;1,515;2024/2/16 18:20
2,859;1,504;2024/2/16 18:30
2,859;1,504;2024/2/16 18:40
2,846;1,492;2024/2/16 18:50
2,847;1,492;2024/2/16 19:00
2,835;1,481;2024/2/16 19:10
2,789;1,437;2024/2/16 19:20
2,777;1,426;2024/2/16 19:30
2,764;1,415;2024/2/16 19:40
2,764;1,415;2024/2/16 19:50
2,741;1,394;2024/2/16 20:00
2,74;1,394;2024/2/16 20:10
2,73;1,383;2024/2/16 20:20
2,707;1,362;2024/2/16 20:30
2,674;1,331;2024/2/16 20:40
2,673;1,331;2024/2/16 20:50
2,672;1,331;2024/2/16 21:00
2,66;1,32;2024/2/16 21:10
2,66;1,32;2024/2/16 21:20
2,65;1,31;2024/2/16 21:30
2,607;1,27;2024/2/16 21:40
2,607;1,27;2024/2/16 21:50
2,597;1,26;2024/2/16 22:00
2,597;1,26;2024/2/16 22:10
2,587;1,25;2024/2/16 22:20
2,576;1,24;2024/2/16 22:30
2,586;1,25;2024/2/16 22:40
2,587;1,25;2024/2/16 22:50
2,587;1,25;2024/2/16 23:00
2,576;1,24;2024/2/16 23:10
2,577;1,24;2024/2/16 23:20
2,566;1,23;2024/2/16 23:30
2,565;1,23;2024/2/16 23:40
2,545;1,211;2024/2/16 23:50
2,504;1,173;2024/2/17
2,495;1,164;2024/2/17 00:10
2,494;1,164;2024/2/17 00:20
2,493;1,164;2024/2/17 00:30
2,494;1,164;2024/2/17 00:40
2,534;1,202;2024/2/17 00:50
2,523;1,192;2024/2/17 01:00
2,465;1,136;2024/2/17 01:10
2,474;1,145;2024/2/17 01:20
2,639;1,3;2024/2/17 01:30
2,707;1,362;2024/2/17 01:40
2,635;1,29;2024/2/17 01:50
2,509;1,173;2024/2/17 02:00
2,467;1,136;2024/2/17 02:10
2,456;1,127;2024/2/17 02:20
2,427;1,1;2024/2/17 02:30
2,424;1,1;2024/2/17 02:40
2,387;1,065;2024/2/17 02:50
2,36;1,039;2024/2/17 03:00
2,359;1,039;2024/2/17 03:10
2,369;1,048;2024/2/17 03:20
2,395;1,074;2024/2/17 03:30
2,415;1,091;2024/2/17 03:40
2,435;1,109;2024/2/17 03:50
2,407;1,082;2024/2/17 04:00
2,399;1,074;2024/2/17 04:10
2,406;1,082;2024/2/17 04:20
2,407;1,082;2024/2/17 04:30
2,398;1,074;2024/2/17 04:40
2,37;1,048;2024/2/17 04:50
2,343;1,022;2024/2/17 05:00
2,324;1,006;2024/2/17 05:10
2,304;0,99;2024/2/17 05:20
2,321;1,006;2024/2/17 05:30
2,331;1,014;2024/2/17 05:40
2,357;1,039;2024/2/17 05:50
2,359;1,039;2024/2/17 06:00
2,369;1,048;2024/2/17 06:10
2,359;1,039;2024/2/17 06:20
2,368;1,048;2024/2/17 06:30
2,341;1,022;2024/2/17 06:40
2,314;0,998;2024/2/17 06:50
2,285;0,973;2024/2/17 07:00
2,275;0,965;2024/2/17 07:10
2,264;0,958;2024/2/17 07:20
2,256;0,95;2024/2/17 07:30
2,236;0,934;2024/2/17 07:40
2,226;0,926;2024/2/17 07:50
2,252;0,95;2024/2/17 08:00
2,298;0,99;2024/2/17 08:10
2,281;0,973;2024/2/17 08:20
2,291;0,981;2024/2/17 08:30
2,3;0,99;2024/2/17 08:40
2,31;0,998;2024/2/17 08:50
2,301;0,99;2024/2/17 09:00
2,3;0,99;2024/2/17 09:10
2,291;0,981;2024/2/17 09:20
2,291;0,981;2024/2/17 09:30
2,273;0,965;2024/2/17 09:40
2,247;0,942;2024/2/17 09:50
2,228;0,926;2024/2/17 10:00
2,226;0,926;2024/2/17 10:10
2,218;0,919;2024/2/17 10:20
2,219;0,919;2024/2/17 10:30
2,219;0,919;2024/2/17 10:40
2,22;0,919;2024/2/17 10:50
2,227;0,926;2024/2/17 11:00
2,212;0,911;2024/2/17 11:10
2,211;0,911;2024/2/17 11:20
2,226;0,926;2024/2/17 11:30
2,227;0,926;2024/2/17 11:40
2,272;0,965;2024/2/17 11:50
2,275;0,965;2024/2/17 12:00
2,24;0,934;2024/2/17 12:10
2,222;0,919;2024/2/17 12:20
2,22;0,919;2024/2/17 12:30
2,21;0,911;2024/2/17 12:40
2,211;0,911;2024/2/17 12:50
2,194;0,896;2024/2/17 13:00
2,193;0,896;2024/2/17 13:10
2,184;0,889;2024/2/17 13:20
2,175;0,881;2024/2/17 13:30
2,183;0,889;2024/2/17 13:40
2,173;0,881;2024/2/17 13:50
2,181;0,889;2024/2/17 14:00
2,173;0,881;2024/2/17 14:10
2,172;0,881;2024/2/17 14:20
2,172;0,881;2024/2/17 14:30
2,172;0,881;2024/2/17 14:40
2,165;0,874;2024/2/17 14:50
2,155;0,867;2024/2/17 15:00
2,135;0,853;2024/2/17 15:10
2,152;0,867;2024/2/17 15:20
2,153;0,867;2024/2/17 15:30
2,161;0,874;2024/2/17 15:40
2,162;0,874;2024/2/17 15:50
2,163;0,874;2024/2/17 16:00
2,154;0,867;2024/2/17 16:10
2,154;0,867;2024/2/17 16:20
2,135;0,853;2024/2/17 16:30
2,124;0,846;2024/2/17 16:40
2,122;0,846;2024/2/17 16:50
2,11;0,839;2024/2/17 17:00
2,108;0,839;2024/2/17 17:10
2,096;0,832;2024/2/17 17:20
2,096;0,832;2024/2/17 17:30
2,109;0,839;2024/2/17 17:40
2,129;0,853;2024/2/17 17:50
2,14;0,86;2024/2/17 18:00
2,134;0,853;2024/2/17 18:10
2,144;0,86;2024/2/17 18:20
2,146;0,86;2024/2/17 18:30
2,152;0,867;2024/2/17 18:40
2,137;0,853;2024/2/17 18:50
2,123;0,846;2024/2/17 19:00
2,109;0,839;2024/2/17 19:10
2,097;0,832;2024/2/17 19:20
2,109;0,839;2024/2/17 19:30
2,111;0,839;2024/2/17 19:40
2,102;0,832;2024/2/17 19:50
2,099;0,832;2024/2/17 20:00
2,084;0,825;2024/2/17 20:10
2,081;0,825;2024/2/17 20:20
2,079;0,825;2024/2/17 20:30
2,079;0,825;2024/2/17 20:40
2,078;0,825;2024/2/17 20:50
2,067;0,818;2024/2/17 21:00
2,066;0,818;2024/2/17 21:10
2,077;0,825;2024/2/17 21:20
2,097;0,832;2024/2/17 21:30
2,1;0,832;2024/2/17 21:40
2,102;0,832;2024/2/17 21:50
2,101;0,832;2024/2/17 22:00
2,103;0,832;2024/2/17 22:10
2,103;0,832;2024/2/17 22:20
2,101;0,832;2024/2/17 22:30
2,077;0,818;2024/2/17 22:40
2,073;0,818;2024/2/17 22:50
2,064;0,811;2024/2/17 23:00
2,084;0,825;2024/2/17 23:10
2,087;0,825;2024/2/17 23:20
2,076;0,818;2024/2/17 23:30
2,074;0,818;2024/2/17 23:40
2,063;0,811;2024/2/17 23:50
2,063;0,811;2024/2/18
2,058;0,811;2024/2/18 00:10
2,057;0,811;2024/2/18 00:20
2,044;0,804;2024/2/18 00:30
2,041;0,804;2024/2/18 00:40
2,032;0,798;2024/2/18 00:50
2,039;0,804;2024/2/18 01:00
2,032;0,798;2024/2/18 01:10
2,038;0,804;2024/2/18 01:20
2,037;0,804;2024/2/18 01:30
2,036;0,804;2024/2/18 01:40
2,038;0,804;2024/2/18 01:50
2,039;0,804;2024/2/18 02:00
2,043;0,804;2024/2/18 02:10
2,041;0,804;2024/2/18 02:20
2,042;0,804;2024/2/18 02:30
2,041;0,804;2024/2/18 02:40
2,041;0,804;2024/2/18 02:50
2,041;0,804;2024/2/18 03:00
2,039;0,804;2024/2/18 03:10
2,027;0,798;2024/2/18 03:20
2,015;0,791;2024/2/18 03:30
2,011;0,791;2024/2/18 03:40
2,01;0,791;2024/2/18 03:50
2,011;0,791;2024/2/18 04:00
2,008;0,791;2024/2/18 04:10
2;0,784;2024/2/18 04:20
2,007;0,791;2024/2/18 04:30
1,996;0,784;2024/2/18 04:40
1,996;0,784;2024/2/18 04:50
1,992;0,784;2024/2/18 05:00
1,986;0,778;2024/2/18 05:10
1,983;0,778;2024/2/18 05:20
1,983;0,778;2024/2/18 05:30
1,984;0,778;2024/2/18 05:40
1,994;0,784;2024/2/18 05:50
2,012;0,791;2024/2/18 06:00
2,012;0,791;2024/2/18 06:10
2,012;0,791;2024/2/18 06:20
2,006;0,784;2024/2/18 06:30
2,002;0,784;2024/2/18 06:40
1,989;0,778;2024/2/18 06:50
1,978;0,771;2024/2/18 07:00
1,974;0,771;2024/2/18 07:10
1,985;0,778;2024/2/18 07:20
2;0,784;2024/2/18 07:30
1,99;0,778;2024/2/18 07:40
1,981;0,771;2024/2/18 07:50
1,979;0,771;2024/2/18 08:00
1,978;0,771;2024/2/18 08:10
1,978;0,771;2024/2/18 08:20
1,978;0,771;2024/2/18 08:30
1,978;0,771;2024/2/18 08:40
1,974;0,771;2024/2/18 08:50
1,973;0,771;2024/2/18 09:00
1,964;0,765;2024/2/18 09:10
1,97;0,771;2024/2/18 09:20
1,969;0,771;2024/2/18 09:30
1,957;0,765;2024/2/18 09:40
1,944;0,759;2024/2/18 09:50
1,954;0,765;2024/2/18 10:00
1,957;0,765;2024/2/18 10:10
1,955;0,765;2024/2/18 10:20
1,942;0,759;2024/2/18 10:30
1,927;0,752;2024/2/18 10:40
1,924;0,752;2024/2/18 10:50
1,92;0,752;2024/2/18 11:00
1,925;0,752;2024/2/18 11:10
1,949;0,765;2024/2/18 11:20
1,953;0,765;2024/2/18 11:30
1,953;0,765;2024/2/18 11:40
1,939;0,759;2024/2/18 11:50
1,937;0,759;2024/2/18 12:00
1,937;0,759;2024/2/18 12:10
1,938;0,759;2024/2/18 12:20
1,938;0,759;2024/2/18 12:30
1,944;0,765;2024/2/18 12:40
1,939;0,759;2024/2/18 12:50
1,962;0,771;2024/2/18 13:00
1,965;0,771;2024/2/18 13:10
1,949;0,765;2024/2/18 13:20
1,938;0,759;2024/2/18 13:30
1,929;0,752;2024/2/18 13:40
1,928;0,752;2024/2/18 13:50
1,926;0,752;2024/2/18 14:00
1,923;0,752;2024/2/18 14:10
1,919;0,752;2024/2/18 14:20
1,91;0,746;2024/2/18 14:30
1,906;0,746;2024/2/18 14:40
1,905;0,746;2024/2/18 14:50
1,904;0,746;2024/2/18 15:00
1,904;0,746;2024/2/18 15:10
1,902;0,746;2024/2/18 15:20
1,901;0,746;2024/2/18 15:30
1,901;0,746;2024/2/18 15:40
1,899;0,746;2024/2/18 15:50
1,897;0,746;2024/2/18 16:00
1,874;0,734;2024/2/18 16:10
1,869;0,734;2024/2/18 16:20
1,872;0,734;2024/2/18 16:30
1,895;0,746;2024/2/18 16:40
1,9;0,746;2024/2/18 16:50
1,891;0,74;2024/2/18 17:00
1,875;0,734;2024/2/18 17:10
1,881;0,74;2024/2/18 17:20
1,883;0,74;2024/2/18 17:30
1,907;0,752;2024/2/18 17:40
1,915;0,752;2024/2/18 17:50
1,918;0,752;2024/2/18 18:00
1,916;0,752;2024/2/18 18:10
1,906;0,746;2024/2/18 18:20
1,902;0,746;2024/2/18 18:30
1,9;0,746;2024/2/18 18:40
1,9;0,746;2024/2/18 18:50
1,9;0,746;2024/2/18 19:00
1,889;0,74;2024/2/18 19:10
1,886;0,74;2024/2/18 19:20
1,881;0,74;2024/2/18 19:30
1,865;0,734;2024/2/18 19:40
1,841;0,722;2024/2/18 19:50
1,845;0,728;2024/2/18 20:00
1,851;0,728;2024/2/18 20:10
1,853;0,728;2024/2/18 20:20
1,861;0,734;2024/2/18 20:30
1,863;0,734;2024/2/18 20:40
1,88;0,74;2024/2/18 20:50
1,89;0,746;2024/2/18 21:00
1,891;0,746;2024/2/18 21:10
1,88;0,74;2024/2/18 21:20
1,881;0,74;2024/2/18 21:30
1,88;0,74;2024/2/18 21:40
1,869;0,734;2024/2/18 21:50
1,863;0,734;2024/2/18 22:00
1,854;0,728;2024/2/18 22:10
1,85;0,728;2024/2/18 22:20
1,846;0,728;2024/2/18 22:30
1,837;0,722;2024/2/18 22:40
1,844;0,728;2024/2/18 22:50
1,863;0,734;2024/2/18 23:00
1,866;0,734;2024/2/18 23:10
1,855;0,728;2024/2/18 23:20
1,84;0,722;2024/2/18 23:30
1,838;0,722;2024/2/18 23:40
1,838;0,722;2024/2/18 23:50
1,862;0,734;2024/2/19
1,877;0,74;2024/2/19 00:10
1,883;0,74;2024/2/19 00:20
1,884;0,74;2024/2/19 00:30
1,887;0,74;2024/2/19 00:40
1,888;0,74;2024/2/19 00:50
1,887;0,74;2024/2/19 01:00
1,88;0,74;2024/2/19 01:10
1,871;0,734;2024/2/19 01:20
1,868;0,734;2024/2/19 01:30
1,875;0,74;2024/2/19 01:40
1,877;0,74;2024/2/19 01:50
1,892;0,746;2024/2/19 02:00
1,896;0,746;2024/2/19 02:10
1,891;0,746;2024/2/19 02:20
1,877;0,74;2024/2/19 02:30
1,875;0,74;2024/2/19 02:40
1,877;0,74;2024/2/19 02:50
1,876;0,74;2024/2/19 03:00
1,88;0,74;2024/2/19 03:10
1,883;0,74;2024/2/19 03:20
1,907;0,752;2024/2/19 03:30
1,919;0,759;2024/2/19 03:40
1,925;0,759;2024/2/19 03:50
1,936;0,765;2024/2/19 04:00
1,955;0,771;2024/2/19 04:10
1,972;0,778;2024/2/19 04:20
1,973;0,778;2024/2/19 04:30
1,976;0,778;2024/2/19 04:40
1,978;0,778;2024/2/19 04:50
1,99;0,784;2024/2/19 05:00
1,992;0,784;2024/2/19 05:10
1,992;0,784;2024/2/19 05:20
2,005;0,791;2024/2/19 05:30
2,022;0,798;2024/2/19 05:40
2,023;0,798;2024/2/19 05:50
2,01;0,791;2024/2/19 06:00
2,008;0,791;2024/2/19 06:10
2,009;0,791;2024/2/19 06:20
2,011;0,791;2024/2/19 06:30
2,02;0,798;2024/2/19 06:40
2,035;0,804;2024/2/19 06:50
2,047;0,811;2024/2/19 07:00
2,053;0,811;2024/2/19 07:10
2,055;0,811;2024/2/19 07:20
2,06;0,811;2024/2/19 07:30
2,07;0,818;2024/2/19 07:40
2,081;0,825;2024/2/19 07:50
2,086;0,825;2024/2/19 08:00
2,089;0,825;2024/2/19 08:10
2,085;0,825;2024/2/19 08:20
2,076;0,818;2024/2/19 08:30
2,072;0,818;2024/2/19 08:40
2,067;0,818;2024/2/19 08:50
2,04;0,804;2024/2/19 09:00
2,014;0,791;2024/2/19 09:10
1,996;0,784;2024/2/19 09:20
2,001;0,791;2024/2/19 09:30
2,012;0,798;2024/2/19 09:40
2,001;0,791;2024/2/19 09:50
1,976;0,778;2024/2/19 10:00
1,976;0,778;2024/2/19 10:10
1,997;0,791;2024/2/19 10:20
2,002;0,791;2024/2/19 10:30
2,01;0,798;2024/2/19 10:40
2,001;0,791;2024/2/19 10:50
1,99;0,784;2024/2/19 11:00
1,998;0,791;2024/2/19 11:10
1,998;0,791;2024/2/19 11:20
1,992;0,784;2024/2/19 11:30
1,978;0,778;2024/2/19 11:40
1,959;0,771;2024/2/19 11:50
1,94;0,765;2024/2/19 12:00
1,927;0,759;2024/2/19 12:10
1,914;0,752;2024/2/19 12:20
1,911;0,752;2024/2/19 12:30
1,906;0,752;2024/2/19 12:40
1,902;0,752;2024/2/19 12:50
1,893;0,746;2024/2/19 13:00
1,891;0,746;2024/2/19 13:10
1,889;0,746;2024/2/19 13:20
1,887;0,746;2024/2/19 13:30
1,886;0,746;2024/2/19 13:40
1,903;0,752;2024/2/19 13:50
1,917;0,759;2024/2/19 14:00
1,921;0,759;2024/2/19 14:10
1,924;0,759;2024/2/19 14:20
1,935;0,765;2024/2/19 14:30
1,937;0,765;2024/2/19 14:40
1,946;0,771;2024/2/19 14:50
1,946;0,771;2024/2/19 15:00
1,932;0,765;2024/2/19 15:10
1,91;0,752;2024/2/19 15:20
1,914;0,759;2024/2/19 15:30
1,901;0,752;2024/2/19 15:40
1,888;0,746;2024/2/19 15:50
1,884;0,746;2024/2/19 16:00
1,871;0,74;2024/2/19 16:10
1,869;0,74;2024/2/19 16:20
1,864;0,74;2024/2/19 16:30
1,856;0,734;2024/2/19 16:40
1,853;0,734;2024/2/19 16:50
1,862;0,74;2024/2/19 17:00
1,862;0,74;2024/2/19 17:10
1,852;0,734;2024/2/19 17:20
1,853;0,734;2024/2/19 17:30
1,877;0,746;2024/2/19 17:40
1,887;0,752;2024/2/19 17:50
1,879;0,746;2024/2/19 18:00
1,87;0,74;2024/2/19 18:10
1,868;0,74;2024/2/19 18:20
1,863;0,74;2024/2/19 18:30
1,851;0,734;2024/2/19 18:40
1,827;0,722;2024/2/19 18:50
1,812;0,716;2024/2/19 19:00
1,809;0,716;2024/2/19 19:10
1,822;0,722;2024/2/19 19:20
1,83;0,728;2024/2/19 19:30
1,83;0,728;2024/2/19 19:40
1,824;0,722;2024/2/19 19:50
1,83;0,728;2024/2/19 20:00
1,828;0,728;2024/2/19 20:10
1,823;0,722;2024/2/19 20:20
1,83;0,728;2024/2/19 20:30
1,845;0,734;2024/2/19 20:40
1,86;0,74;2024/2/19 20:50
1,854;0,734;2024/2/19 21:00
1,84;0,728;2024/2/19 21:10
1,838;0,728;2024/2/19 21:20
1,838;0,728;2024/2/19 21:30
1,836;0,728;2024/2/19 21:40
1,834;0,728;2024/2/19 21:50
1,835;0,728;2024/2/19 22:00
1,828;0,722;2024/2/19 22:10
1,834;0,728;2024/2/19 22:20
1,835;0,728;2024/2/19 22:30
1,834;0,728;2024/2/19 22:40
1,832;0,728;2024/2/19 22:50
1,81;0,716;2024/2/19 23:00
1,792;0,71;2024/2/19 23:10
1,794;0,71;2024/2/19 23:20
1,812;0,722;2024/2/19 23:30
1,817;0,722;2024/2/19 23:40
1,818;0,722;2024/2/19 23:50
1,815;0,722;2024/2/20
1,814;0,722;2024/2/20 00:10
1,813;0,722;2024/2/20 00:20
1,799;0,716;2024/2/20 00:30
1,779;0,704;2024/2/20 00:40
1,786;0,71;2024/2/20 00:50
1,801;0,716;2024/2/20 01:00
1,82;0,722;2024/2/20 01:10
1,822;0,722;2024/2/20 01:20
1,821;0,722;2024/2/20 01:30
1,811;0,716;2024/2/20 01:40
1,808;0,716;2024/2/20 01:50
1,806;0,716;2024/2/20 02:00
1,808;0,716;2024/2/20 02:10
1,808;0,716;2024/2/20 02:20
1,808;0,716;2024/2/20 02:30
1,809;0,716;2024/2/20 02:40
1,808;0,716;2024/2/20 02:50
1,807;0,716;2024/2/20 03:00
1,807;0,716;2024/2/20 03:10
1,805;0,716;2024/2/20 03:20
1,806;0,716;2024/2/20 03:30
1,786;0,704;2024/2/20 03:40
1,772;0,698;2024/2/20 03:50
1,768;0,698;2024/2/20 04:00
1,767;0,698;2024/2/20 04:10
1,765;0,698;2024/2/20 04:20
1,78;0,704;2024/2/20 04:30
1,796;0,716;2024/2/20 04:40
1,777;0,704;2024/2/20 04:50
1,769;0,698;2024/2/20 05:00
1,763;0,698;2024/2/20 05:10
1,762;0,698;2024/2/20 05:20
1,76;0,698;2024/2/20 05:30
1,761;0,698;2024/2/20 05:40
1,761;0,698;2024/2/20 05:50
1,753;0,692;2024/2/20 06:00
1,761;0,698;2024/2/20 06:10
1,761;0,698;2024/2/20 06:20
1,767;0,698;2024/2/20 06:30
1,792;0,71;2024/2/20 06:40
1,782;0,704;2024/2/20 06:50
1,791;0,71;2024/2/20 07:00
1,783;0,704;2024/2/20 07:10
1,782;0,704;2024/2/20 07:20
1,778;0,704;2024/2/20 07:30
1,755;0,692;2024/2/20 07:40
1,767;0,698;2024/2/20 07:50
1,779;0,704;2024/2/20 08:00
1,789;0,71;2024/2/20 08:10
1,789;0,71;2024/2/20 08:20
1,776;0,704;2024/2/20 08:30
1,754;0,692;2024/2/20 08:40
1,749;0,692;2024/2/20 08:50
1,762;0,698;2024/2/20 09:00
1,769;0,698;2024/2/20 09:10
1,779;0,704;2024/2/20 09:20
1,779;0,704;2024/2/20 09:30
1,78;0,704;2024/2/20 09:40
1,781;0,704;2024/2/20 09:50
1,779;0,704;2024/2/20 10:00
1,767;0,698;2024/2/20 10:10
1,744;0,686;2024/2/20 10:20
1,752;0,692;2024/2/20 10:30
1,757;0,692;2024/2/20 10:40
1,758;0,692;2024/2/20 10:50
1,764;0,698;2024/2/20 11:00
1,764;0,698;2024/2/20 11:10
1,766;0,698;2024/2/20 11:20
1,764;0,698;2024/2/20 11:30
1,765;0,698;2024/2/20 11:40
1,764;0,698;2024/2/20 11:50
1,762;0,698;2024/2/20 12:00
1,772;0,704;2024/2/20 12:10
1,757;0,698;2024/2/20 12:20
1,747;0,692;2024/2/20 12:30
1,74;0,692;2024/2/20 12:40
1,732;0,686;2024/2/20 12:50
1,731;0,686;2024/2/20 13:00
1,729;0,686;2024/2/20 13:10
1,729;0,686;2024/2/20 13:20
1,728;0,686;2024/2/20 13:30
1,73;0,686;2024/2/20 13:40
1,729;0,686;2024/2/20 13:50
1,73;0,686;2024/2/20 14:00
1,73;0,686;2024/2/20 14:10
1,732;0,686;2024/2/20 14:20
1,733;0,686;2024/2/20 14:30
1,731;0,686;2024/2/20 14:40
1,732;0,686;2024/2/20 14:50
1,732;0,686;2024/2/20 15:00
1,732;0,686;2024/2/20 15:10
1,731;0,686;2024/2/20 15:20
1,732;0,686;2024/2/20 15:30
1,725;0,681;2024/2/20 15:40
1,73;0,686;2024/2/20 15:50
1,731;0,686;2024/2/20 16:00
1,746;0,692;2024/2/20 16:10
1,77;0,704;2024/2/20 16:20
1,764;0,698;2024/2/20 16:30
1,752;0,692;2024/2/20 16:40
1,739;0,686;2024/2/20 16:50
1,736;0,686;2024/2/20 17:00
1,722;0,681;2024/2/20 17:10
1,711;0,675;2024/2/20 17:20
1,708;0,675;2024/2/20 17:30
1,703;0,675;2024/2/20 17:40
1,704;0,675;2024/2/20 17:50
1,701;0,675;2024/2/20 18:00
1,708;0,675;2024/2/20 18:10
1,727;0,686;2024/2/20 18:20
1,733;0,686;2024/2/20 18:30
1,733;0,686;2024/2/20 18:40
1,735;0,686;2024/2/20 18:50
1,733;0,686;2024/2/20 19:00
1,73;0,686;2024/2/20 19:10
1,732;0,686;2024/2/20 19:20
1,733;0,686;2024/2/20 19:30
1,733;0,686;2024/2/20 19:40
1,735;0,686;2024/2/20 19:50
1,734;0,686;2024/2/20 20:00
1,732;0,686;2024/2/20 20:10
1,739;0,692;2024/2/20 20:20
1,724;0,681;2024/2/20 20:30
1,719;0,681;2024/2/20 20:40
1,719;0,681;2024/2/20 20:50
1,718;0,681;2024/2/20 21:00
1,705;0,675;2024/2/20 21:10
1,676;0,664;2024/2/20 21:20
1,672;0,664;2024/2/20 21:30
1,684;0,669;2024/2/20 21:40
1,688;0,669;2024/2/20 21:50
1,69;0,669;2024/2/20 22:00
1,692;0,669;2024/2/20 22:10
1,692;0,669;2024/2/20 22:20
1,686;0,664;2024/2/20 22:30
1,692;0,669;2024/2/20 22:40
1,696;0,669;2024/2/20 22:50
1,7;0,669;2024/2/20 23:00
1,698;0,669;2024/2/20 23:10
1,698;0,669;2024/2/20 23:20
1,702;0,669;2024/2/20 23:30
1,715;0,675;2024/2/20 23:40
1,726;0,681;2024/2/20 23:50
1,734;0,686;2024/2/21
1,73;0,681;2024/2/21 00:10
1,736;0,686;2024/2/21 00:20
1,736;0,686;2024/2/21 00:30
1,723;0,681;2024/2/21 00:40
1,712;0,675;2024/2/21 00:50
1,7;0,669;2024/2/21 01:00
1,698;0,669;2024/2/21 01:10
1,698;0,669;2024/2/21 01:20
1,691;0,664;2024/2/21 01:30
1,694;0,669;2024/2/21 01:40
1,686;0,664;2024/2/21 01:50
1,685;0,664;2024/2/21 02:00
1,686;0,664;2024/2/21 02:10
1,685;0,664;2024/2/21 02:20
1,688;0,664;2024/2/21 02:30
1,686;0,664;2024/2/21 02:40
1,687;0,664;2024/2/21 02:50
1,685;0,664;2024/2/21 03:00
1,676;0,658;2024/2/21 03:10
1,682;0,664;2024/2/21 03:20
1,687;0,664;2024/2/21 03:30
1,685;0,664;2024/2/21 03:40
1,688;0,664;2024/2/21 03:50
1,685;0,664;2024/2/21 04:00
1,677;0,658;2024/2/21 04:10
1,686;0,664;2024/2/21 04:20
1,684;0,664;2024/2/21 04:30
1,685;0,664;2024/2/21 04:40
1,68;0,658;2024/2/21 04:50
1,677;0,658;2024/2/21 05:00
1,685;0,664;2024/2/21 05:10
1,677;0,658;2024/2/21 05:20
1,677;0,658;2024/2/21 05:30
1,679;0,658;2024/2/21 05:40
1,681;0,658;2024/2/21 05:50
1,68;0,658;2024/2/21 06:00
1,68;0,658;2024/2/21 06:10
1,679;0,658;2024/2/21 06:20
1,676;0,658;2024/2/21 06:30
1,661;0,653;2024/2/21 06:40
1,648;0,648;2024/2/21 06:50
1,649;0,648;2024/2/21 07:00
1,648;0,648;2024/2/21 07:10
1,652;0,648;2024/2/21 07:20
1,679;0,658;2024/2/21 07:30
1,694;0,664;2024/2/21 07:40
1,688;0,658;2024/2/21 07:50
1,683;0,658;2024/2/21 08:00
1,675;0,653;2024/2/21 08:10
1,673;0,653;2024/2/21 08:20
1,67;0,653;2024/2/21 08:30
1,655;0,648;2024/2/21 08:40
1,651;0,648;2024/2/21 08:50
1,653;0,648;2024/2/21 09:00
1,645;0,642;2024/2/21 09:10
1,644;0,642;2024/2/21 09:20
1,669;0,653;2024/2/21 09:30
1,677;0,653;2024/2/21 09:40
1,683;0,658;2024/2/21 09:50
1,66;0,648;2024/2/21 10:00
1,64;0,642;2024/2/21 10:10
1,652;0,648;2024/2/21 10:20
1,657;0,648;2024/2/21 10:30
1,669;0,653;2024/2/21 10:40
1,675;0,653;2024/2/21 10:50
1,671;0,653;2024/2/21 11:00
1,666;0,648;2024/2/21 11:10
1,672;0,653;2024/2/21 11:20
1,662;0,648;2024/2/21 11:30
1,629;0,637;2024/2/21 11:40
1,599;0,626;2024/2/21 11:50
1,599;0,626;2024/2/21 12:00
1,616;0,632;2024/2/21 12:10
1,619;0,632;2024/2/21 12:20
1,623;0,632;2024/2/21 12:30
1,627;0,632;2024/2/21 12:40
1,623;0,632;2024/2/21 12:50
1,626;0,632;2024/2/21 13:00
1,626;0,632;2024/2/21 13:10
1,634;0,632;2024/2/21 13:20
1,651;0,637;2024/2/21 13:30
1,667;0,642;2024/2/21 13:40
1,67;0,642;2024/2/21 13:50
1,673;0,642;2024/2/21 14:00
1,681;0,648;2024/2/21 14:10
1,684;0,648;2024/2/21 14:20
1,683;0,648;2024/2/21 14:30
1,685;0,648;2024/2/21 14:40
1,679;0,648;2024/2/21 14:50
1,655;0,637;2024/2/21 15:00
1,638;0,632;2024/2/21 15:10
1,634;0,632;2024/2/21 15:20
1,629;0,632;2024/2/21 15:30
1,625;0,632;2024/2/21 15:40
1,626;0,632;2024/2/21 15:50
1,619;0,626;2024/2/21 16:00
1,624;0,632;2024/2/21 16:10
1,615;0,626;2024/2/21 16:20
1,623;0,632;2024/2/21 16:30
1,621;0,632;2024/2/21 16:40
1,623;0,632;2024/2/21 16:50
1,622;0,632;2024/2/21 17:00
1,621;0,632;2024/2/21 17:10
1,624;0,632;2024/2/21 17:20
1,632;0,637;2024/2/21 17:30
1,645;0,637;2024/2/21 17:40
1,656;0,642;2024/2/21 17:50
1,659;0,642;2024/2/21 18:00
1,662;0,642;2024/2/21 18:10
1,65;0,637;2024/2/21 18:20
1,642;0,637;2024/2/21 18:30
1,642;0,637;2024/2/21 18:40
1,64;0,637;2024/2/21 18:50
1,641;0,637;2024/2/21 19:00
1,643;0,637;2024/2/21 19:10
1,638;0,637;2024/2/21 19:20
1,638;0,637;2024/2/21 19:30
1,636;0,637;2024/2/21 19:40
1,639;0,637;2024/2/21 19:50
1,655;0,642;2024/2/21 20:00
1,667;0,648;2024/2/21 20:10
1,655;0,642;2024/2/21 20:20
1,631;0,632;2024/2/21 20:30
1,624;0,632;2024/2/21 20:40
1,624;0,632;2024/2/21 20:50
1,636;0,637;2024/2/21 21:00
1,652;0,642;2024/2/21 21:10
1,65;0,642;2024/2/21 21:20
1,625;0,632;2024/2/21 21:30
1,607;0,626;2024/2/21 21:40
1,603;0,626;2024/2/21 21:50
1,603;0,626;2024/2/21 22:00
1,596;0,626;2024/2/21 22:10
1,596;0,626;2024/2/21 22:20
1,595;0,626;2024/2/21 22:30
1,599;0,626;2024/2/21 22:40
1,613;0,632;2024/2/21 22:50
1,63;0,637;2024/2/21 23:00
1,663;0,648;2024/2/21 23:10
1,668;0,648;2024/2/21 23:20
1,661;0,642;2024/2/21 23:30
1,646;0,637;2024/2/21 23:40
1,64;0,637;2024/2/21 23:50
1,637;0,637;2024/2/22
1,637;0,637;2024/2/22 00:10
1,637;0,637;2024/2/22 00:20
1,635;0,637;2024/2/22 00:30
1,635;0,637;2024/2/22 00:40
1,633;0,637;2024/2/22 00:50
1,631;0,637;2024/2/22 01:00
1,605;0,626;2024/2/22 01:10
1,596;0,626;2024/2/22 01:20
1,595;0,626;2024/2/22 01:30
1,593;0,626;2024/2/22 01:40
1,595;0,626;2024/2/22 01:50
1,595;0,626;2024/2/22 02:00
1,6;0,626;2024/2/22 02:10
1,605;0,626;2024/2/22 02:20
1,603;0,626;2024/2/22 02:30
1,611;0,632;2024/2/22 02:40
1,609;0,632;2024/2/22 02:50
1,609;0,632;2024/2/22 03:00
1,611;0,632;2024/2/22 03:10
1,611;0,632;2024/2/22 03:20
1,611;0,632;2024/2/22 03:30
1,611;0,632;2024/2/22 03:40
1,61;0,632;2024/2/22 03:50
1,608;0,632;2024/2/22 04:00
1,611;0,632;2024/2/22 04:10
1,611;0,632;2024/2/22 04:20
1,615;0,632;2024/2/22 04:30
1,617;0,632;2024/2/22 04:40
1,607;0,626;2024/2/22 04:50
1,62;0,632;2024/2/22 05:00
1,635;0,637;2024/2/22 05:10
1,636;0,637;2024/2/22 05:20
1,633;0,637;2024/2/22 05:30
1,626;0,632;2024/2/22 05:40
1,631;0,637;2024/2/22 05:50
1,628;0,637;2024/2/22 06:00
1,618;0,632;2024/2/22 06:10
1,613;0,632;2024/2/22 06:20
1,609;0,632;2024/2/22 06:30
1,607;0,632;2024/2/22 06:40
1,603;0,626;2024/2/22 06:50
1,603;0,626;2024/2/22 07:00
1,599;0,626;2024/2/22 07:10
1,582;0,621;2024/2/22 07:20
1,567;0,616;2024/2/22 07:30
1,562;0,616;2024/2/22 07:40
1,565;0,616;2024/2/22 07:50
1,592;0,626;2024/2/22 08:00
1,534;0,558;2024/2/22 08:10
1,535;0,558;2024/2/22 08:20
1,529;0,558;2024/2/22 08:30
1,522;0,558;2024/2/22 08:40
1,478;0,527;2024/2/22 08:50
1,464;0,523;2024/2/22 09:00
1,487;0,532;2024/2/22 09:10
1,492;0,532;2024/2/22 09:20
1,501;0,536;2024/2/22 09:30
1,503;0,536;2024/2/22 09:40
1,504;0,536;2024/2/22 09:50
1,504;0,536;2024/2/22 10:00
1,506;0,536;2024/2/22 10:10
1,507;0,536;2024/2/22 10:20
1,51;0,536;2024/2/22 10:30
1,51;0,536;2024/2/22 10:40
1,51;0,536;2024/2/22 10:50
1,509;0,536;2024/2/22 11:00
1,509;0,536;2024/2/22 11:10
1,509;0,536;2024/2/22 11:20
1,51;0,536;2024/2/22 11:30
1,507;0,536;2024/2/22 11:40
1,515;0,536;2024/2/22 11:50
1,522;0,54;2024/2/22 12:00
1,524;0,54;2024/2/22 12:10
1,506;0,536;2024/2/22 12:20
1,474;0,527;2024/2/22 12:30
1,466;0,527;2024/2/22 12:40
1,458;0,527;2024/2/22 12:50
1,464;0,527;2024/2/22 13:00
1,477;0,532;2024/2/22 13:10
1,48;0,532;2024/2/22 13:20
1,476;0,532;2024/2/22 13:30
1,466;0,527;2024/2/22 13:40
1,471;0,532;2024/2/22 13:50
1,472;0,536;2024/2/22 14:00
1,484;0,527;2024/2/22 14:10
1,494;0,527;2024/2/22 14:20
1,507;0,536;2024/2/22 14:30
1,531;0,545;2024/2/22 14:40
1,575;0,554;2024/2/22 14:50
1,606;0,563;2024/2/22 15:00
1,639;0,572;2024/2/22 15:10
1,674;0,582;2024/2/22 15:20
1,701;0,591;2024/2/22 15:30
1,733;0,606;2024/2/22 15:40
1,768;0,621;2024/2/22 15:50
1,797;0,632;2024/2/22 16:00
1,811;0,637;2024/2/22 16:10
1,848;0,653;2024/2/22 16:20
1,874;0,664;2024/2/22 16:30
1,895;0,669;2024/2/22 16:40
1,937;0,692;2024/2/22 16:50
1,962;0,704;2024/2/22 17:00
1,987;0,716;2024/2/22 17:10
2,004;0,722;2024/2/22 17:20
2,053;0,759;2024/2/22 17:30
2,134;0,825;2024/2/22 17:40
2,195;0,874;2024/2/22 17:50
2,263;0,934;2024/2/22 18:00
2,315;0,981;2024/2/22 18:10
2,379;1,039;2024/2/22 18:20
2,448;1,1;2024/2/22 18:30
2,535;1,183;2024/2/22 18:40
2,622;1,26;2024/2/22 18:50
2,71;1,341;2024/2/22 19:00
2,778;1,404;2024/2/22 19:10
2,847;1,47;2024/2/22 19:20
2,86;1,481;2024/2/22 19:30
2,815;1,437;2024/2/22 19:40
2,804;1,426;2024/2/22 19:50
2,804;1,426;2024/2/22 20:00
2,777;1,404;2024/2/22 20:10
2,735;1,362;2024/2/22 20:20
2,722;1,351;2024/2/22 20:30
2,71;1,341;2024/2/22 20:40
2,657;1,29;2024/2/22 20:50
2,612;1,25;2024/2/22 21:00
2,612;1,25;2024/2/22 21:10
2,627;1,26;2024/2/22 21:20
2,633;1,27;2024/2/22 21:30
2,644;1,28;2024/2/22 21:40
2,659;1,29;2024/2/22 21:50
2,651;1,28;2024/2/22 22:00
2,63;1,26;2024/2/22 22:10
2,6;1,23;2024/2/22 22:20
2,59;1,221;2024/2/22 22:30
2,706;1,331;2024/2/22 22:40
2,739;1,362;2024/2/22 22:50
2,633;1,26;2024/2/22 23:00
2,505;1,136;2024/2/22 23:10
2,451;1,091;2024/2/22 23:20
2,401;1,048;2024/2/22 23:30
2,383;1,031;2024/2/22 23:40
2,406;1,056;2024/2/22 23:50
2,344;0,998;2024/2/23
2,326;0,981;2024/2/23 00:10
2,318;0,973;2024/2/23 00:20
2,284;0,942;2024/2/23 00:30
2,233;0,896;2024/2/23 00:40
2,198;0,867;2024/2/23 00:50
2,189;0,86;2024/2/23 01:00
2,21;0,881;2024/2/23 01:10
2,193;0,867;2024/2/23 01:20
2,171;0,846;2024/2/23 01:30
2,163;0,839;2024/2/23 01:40
2,162;0,839;2024/2/23 01:50
2,17;0,846;2024/2/23 02:00
2,148;0,825;2024/2/23 02:10
2,147;0,825;2024/2/23 02:20
2,147;0,825;2024/2/23 02:30
2,135;0,818;2024/2/23 02:40
2,106;0,791;2024/2/23 02:50
2,067;0,759;2024/2/23 03:00
2,065;0,759;2024/2/23 03:10
2,056;0,752;2024/2/23 03:20
2,072;0,765;2024/2/23 03:30
2,055;0,752;2024/2/23 03:40
2,018;0,728;2024/2/23 03:50
2,016;0,728;2024/2/23 04:00
2,034;0,74;2024/2/23 04:10
2,025;0,734;2024/2/23 04:20
2,007;0,722;2024/2/23 04:30
2,004;0,722;2024/2/23 04:40
1,995;0,716;2024/2/23 04:50
1,992;0,716;2024/2/23 05:00
1,983;0,71;2024/2/23 05:10
1,978;0,71;2024/2/23 05:20
1,97;0,704;2024/2/23 05:30
1,967;0,704;2024/2/23 05:40
1,952;0,698;2024/2/23 05:50
1,938;0,692;2024/2/23 06:00
1,926;0,686;2024/2/23 06:10
1,944;0,698;2024/2/23 06:20
1,952;0,698;2024/2/23 06:30
1,951;0,698;2024/2/23 06:40
1,938;0,692;2024/2/23 06:50
1,914;0,681;2024/2/23 07:00
1,909;0,681;2024/2/23 07:10
1,908;0,681;2024/2/23 07:20
1,919;0,686;2024/2/23 07:30
1,923;0,686;2024/2/23 07:40
2,009;0,825;2024/2/23 07:50
1,941;0,811;2024/2/23 08:00
1,903;0,798;2024/2/23 08:10
1,903;0,804;2024/2/23 08:20
1,916;0,811;2024/2/23 08:30
1,914;0,811;2024/2/23 08:40
1,915;0,811;2024/2/23 08:50
1,914;0,811;2024/2/23 09:00
1,925;0,818;2024/2/23 09:10
1,929;0,818;2024/2/23 09:20
1,929;0,818;2024/2/23 09:30
1,906;0,804;2024/2/23 09:40
1,887;0,798;2024/2/23 09:50
1,881;0,798;2024/2/23 10:00
1,866;0,791;2024/2/23 10:10
1,86;0,791;2024/2/23 10:20
1,847;0,784;2024/2/23 10:30
1,843;0,784;2024/2/23 10:40
1,843;0,784;2024/2/23 10:50
1,832;0,778;2024/2/23 11:00
1,833;0,778;2024/2/23 11:10
1,857;0,791;2024/2/23 11:20
1,862;0,791;2024/2/23 11:30
1,845;0,784;2024/2/23 11:40
1,832;0,778;2024/2/23 11:50
1,837;0,784;2024/2/23 12:00
1,852;0,791;2024/2/23 12:10
1,868;0,798;2024/2/23 12:20
1,858;0,791;2024/2/23 12:30
1,843;0,784;2024/2/23 12:40
1,831;0,778;2024/2/23 12:50
1,817;0,771;2024/2/23 13:00
1,806;0,765;2024/2/23 13:10
1,804;0,765;2024/2/23 13:20
1,802;0,765;2024/2/23 13:30
1,801;0,765;2024/2/23 13:40
1,794;0,759;2024/2/23 13:50
1,816;0,771;2024/2/23 14:00
1,817;0,771;2024/2/23 14:10
1,816;0,771;2024/2/23 14:20
1,806;0,765;2024/2/23 14:30
1,805;0,765;2024/2/23 14:40
1,805;0,765;2024/2/23 14:50
1,802;0,765;2024/2/23 15:00
1,806;0,765;2024/2/23 15:10
1,804;0,765;2024/2/23 15:20
1,804;0,765;2024/2/23 15:30
1,806;0,765;2024/2/23 15:40
1,809;0,765;2024/2/23 15:50
1,809;0,765;2024/2/23 16:00
1,817;0,771;2024/2/23 16:10
1,817;0,771;2024/2/23 16:20
1,82;0,771;2024/2/23 16:30
1,82;0,771;2024/2/23 16:40
1,821;0,771;2024/2/23 16:50
1,833;0,778;2024/2/23 17:00
1,857;0,791;2024/2/23 17:10
1,863;0,791;2024/2/23 17:20
1,874;0,798;2024/2/23 17:30
1,868;0,791;2024/2/23 17:40
1,881;0,798;2024/2/23 17:50
1,893;0,804;2024/2/23 18:00
1,896;0,804;2024/2/23 18:10
1,901;0,804;2024/2/23 18:20
1,904;0,804;2024/2/23 18:30
1,916;0,811;2024/2/23 18:40
1,918;0,811;2024/2/23 18:50
1,92;0,811;2024/2/23 19:00
1,921;0,811;2024/2/23 19:10
1,931;0,818;2024/2/23 19:20
1,947;0,825;2024/2/23 19:30
1,966;0,832;2024/2/23 19:40
1,965;0,832;2024/2/23 19:50
1,953;0,825;2024/2/23 20:00
1,949;0,825;2024/2/23 20:10
1,965;0,832;2024/2/23 20:20
1,995;0,846;2024/2/23 20:30
2;0,846;2024/2/23 20:40
1,996;0,846;2024/2/23 20:50
1,985;0,839;2024/2/23 21:00
1,985;0,839;2024/2/23 21:10
1,982;0,839;2024/2/23 21:20
1,979;0,839;2024/2/23 21:30
1,967;0,832;2024/2/23 21:40
1,954;0,825;2024/2/23 21:50
1,952;0,825;2024/2/23 22:00
1,949;0,825;2024/2/23 22:10
1,949;0,825;2024/2/23 22:20
1,948;0,825;2024/2/23 22:30
1,947;0,825;2024/2/23 22:40
1,949;0,825;2024/2/23 22:50
1,951;0,825;2024/2/23 23:00
1,949;0,825;2024/2/23 23:10
1,951;0,825;2024/2/23 23:20
1,95;0,825;2024/2/23 23:30
1,95;0,825;2024/2/23 23:40
1,95;0,825;2024/2/23 23:50
1,952;0,825;2024/2/24
1,948;0,825;2024/2/24 00:10
1,941;0,818;2024/2/24 00:20
1,926;0,811;2024/2/24 00:30
1,926;0,811;2024/2/24 00:40
1,924;0,811;2024/2/24 00:50
1,923;0,811;2024/2/24 01:00
1,912;0,804;2024/2/24 01:10
1,91;0,804;2024/2/24 01:20
1,911;0,804;2024/2/24 01:30
1,932;0,818;2024/2/24 01:40
1,936;0,818;2024/2/24 01:50
1,94;0,818;2024/2/24 02:00
1,937;0,818;2024/2/24 02:10
1,93;0,811;2024/2/24 02:20
1,939;0,818;2024/2/24 02:30
1,94;0,818;2024/2/24 02:40
1,94;0,818;2024/2/24 02:50
1,952;0,825;2024/2/24 03:00
1,957;0,825;2024/2/24 03:10
1,957;0,825;2024/2/24 03:20
1,945;0,818;2024/2/24 03:30
1,942;0,818;2024/2/24 03:40
1,949;0,825;2024/2/24 03:50
1,952;0,825;2024/2/24 04:00
1,952;0,825;2024/2/24 04:10
1,971;0,832;2024/2/24 04:20
1,991;0,839;2024/2/24 04:30
1,993;0,839;2024/2/24 04:40
1,983;0,832;2024/2/24 04:50
1,982;0,832;2024/2/24 05:00
1,993;0,839;2024/2/24 05:10
2,011;0,846;2024/2/24 05:20
2,037;0,86;2024/2/24 05:30
2,043;0,86;2024/2/24 05:40
2,037;0,853;2024/2/24 05:50
2,035;0,853;2024/2/24 06:00
2,072;0,874;2024/2/24 06:10
2,082;0,874;2024/2/24 06:20
2,084;0,874;2024/2/24 06:30
2,093;0,881;2024/2/24 06:40
2,11;0,889;2024/2/24 06:50
2,137;0,904;2024/2/24 07:00
2,154;0,911;2024/2/24 07:10
2,156;0,911;2024/2/24 07:20
2,149;0,904;2024/2/24 07:30
2,179;0,926;2024/2/24 07:40
2,182;0,926;2024/2/24 07:50
2,193;0,934;2024/2/24 08:00
2,26;0,99;2024/2/24 08:10
2,237;0,965;2024/2/24 08:20
2,291;1,014;2024/2/24 08:30
2,276;0,998;2024/2/24 08:40
2,248;0,973;2024/2/24 08:50
2,255;0,981;2024/2/24 09:00
2,282;1,006;2024/2/24 09:10
2,283;1,006;2024/2/24 09:20
2,248;0,973;2024/2/24 09:30
2,283;1,006;2024/2/24 09:40
2,348;1,065;2024/2/24 09:50
2,341;1,056;2024/2/24 10:00
2,287;1,006;2024/2/24 10:10
2,294;1,014;2024/2/24 10:20
2,313;1,031;2024/2/24 10:30
2,288;1,006;2024/2/24 10:40
2,268;0,99;2024/2/24 10:50
2,331;1,048;2024/2/24 11:00
2,315;1,031;2024/2/24 11:10
2,286;1,006;2024/2/24 11:20
2,294;1,014;2024/2/24 11:30
2,322;1,039;2024/2/24 11:40
2,305;1,022;2024/2/24 11:50
2,276;0,998;2024/2/24 12:00
2,266;0,99;2024/2/24 12:10
2,275;0,998;2024/2/24 12:20
2,32;1,039;2024/2/24 12:30
2,312;1,031;2024/2/24 12:40
2,295;1,014;2024/2/24 12:50
2,321;1,039;2024/2/24 13:00
2,361;1,074;2024/2/24 13:10
2,402;1,109;2024/2/24 13:20
2,403;1,109;2024/2/24 13:30
2,383;1,091;2024/2/24 13:40
2,422;1,127;2024/2/24 13:50
2,453;1,155;2024/2/24 14:00
2,454;1,155;2024/2/24 14:10
2,465;1,164;2024/2/24 14:20
2,477;1,173;2024/2/24 14:30
2,497;1,192;2024/2/24 14:40
2,508;1,202;2024/2/24 14:50
2,518;1,211;2024/2/24 15:00
2,53;1,221;2024/2/24 15:10
2,529;1,221;2024/2/24 15:20
2,549;1,24;2024/2/24 15:30
2,562;1,25;2024/2/24 15:40
2,594;1,28;2024/2/24 15:50
2,605;1,29;2024/2/24 16:00
2,636;1,32;2024/2/24 16:10
2,649;1,331;2024/2/24 16:20
2,661;1,341;2024/2/24 16:30
2,651;1,331;2024/2/24 16:40
2,618;1,3;2024/2/24 16:50
2,605;1,29;2024/2/24 17:00
2,594;1,28;2024/2/24 17:10
2,583;1,27;2024/2/24 17:20
2,585;1,27;2024/2/24 17:30
2,593;1,28;2024/2/24 17:40
2,595;1,28;2024/2/24 17:50
2,595;1,28;2024/2/24 18:00
2,587;1,27;2024/2/24 18:10
2,577;1,26;2024/2/24 18:20
2,574;1,26;2024/2/24 18:30
2,577;1,26;2024/2/24 18:40
2,565;1,25;2024/2/24 18:50
2,575;1,26;2024/2/24 19:00
2,552;1,24;2024/2/24 19:10
2,552;1,24;2024/2/24 19:20
2,533;1,221;2024/2/24 19:30
2,5;1,192;2024/2/24 19:40
2,44;1,136;2024/2/24 19:50
2,458;1,155;2024/2/24 20:00
2,476;1,173;2024/2/24 20:10
2,476;1,173;2024/2/24 20:20
2,466;1,164;2024/2/24 20:30
2,445;1,145;2024/2/24 20:40
2,475;1,173;2024/2/24 20:50
2,506;1,202;2024/2/24 21:00
2,487;1,183;2024/2/24 21:10
2,439;1,136;2024/2/24 21:20
2,467;1,164;2024/2/24 21:30
2,487;1,183;2024/2/24 21:40
2,46;1,155;2024/2/24 21:50
2,408;1,109;2024/2/24 22:00
2,446;1,145;2024/2/24 22:10
2,467;1,164;2024/2/24 22:20
2,428;1,127;2024/2/24 22:30
2,395;1,1;2024/2/24 22:40
2,445;1,145;2024/2/24 22:50
2,446;1,145;2024/2/24 23:00
2,399;1,1;2024/2/24 23:10
2,377;1,082;2024/2/24 23:20
2,386;1,091;2024/2/24 23:30
2,414;1,118;2024/2/24 23:40
2,375;1,082;2024/2/24 23:50
2,338;1,048;2024/2/25
2,344;1,056;2024/2/25 00:10
2,362;1,074;2024/2/25 00:20
2,403;1,109;2024/2/25 00:30
2,384;1,091;2024/2/25 00:40
2,365;1,074;2024/2/25 00:50
2,413;1,118;2024/2/25 01:00
2,423;1,127;2024/2/25 01:10
2,414;1,118;2024/2/25 01:20
2,376;1,082;2024/2/25 01:30
2,355;1,065;2024/2/25 01:40
2,402;1,109;2024/2/25 01:50
2,375;1,082;2024/2/25 02:00
2,317;1,031;2024/2/25 02:10
2,334;1,048;2024/2/25 02:20
2,354;1,065;2024/2/25 02:30
2,325;1,039;2024/2/25 02:40
2,305;1,022;2024/2/25 02:50
2,353;1,065;2024/2/25 03:00
2,372;1,082;2024/2/25 03:10
2,383;1,091;2024/2/25 03:20
2,345;1,056;2024/2/25 03:30
2,382;1,091;2024/2/25 03:40
2,404;1,109;2024/2/25 03:50
2,415;1,118;2024/2/25 04:00
2,414;1,118;2024/2/25 04:10
2,386;1,091;2024/2/25 04:20
2,405;1,109;2024/2/25 04:30
2,453;1,155;2024/2/25 04:40
2,465;1,164;2024/2/25 04:50
2,475;1,173;2024/2/25 05:00
2,496;1,192;2024/2/25 05:10
2,498;1,192;2024/2/25 05:20
2,518;1,211;2024/2/25 05:30
2,519;1,211;2024/2/25 05:40
2,54;1,23;2024/2/25 05:50
2,541;1,23;2024/2/25 06:00
2,582;1,27;2024/2/25 06:10
2,594;1,28;2024/2/25 06:20
2,617;1,3;2024/2/25 06:30
2,638;1,32;2024/2/25 06:40
2,66;1,341;2024/2/25 06:50
2,684;1,362;2024/2/25 07:00
2,719;1,394;2024/2/25 07:10
2,742;1,415;2024/2/25 07:20
2,776;1,448;2024/2/25 07:30
2,788;1,459;2024/2/25 07:40
2,812;1,481;2024/2/25 07:50
2,835;1,504;2024/2/25 08:00
2,859;1,526;2024/2/25 08:10
2,871;1,538;2024/2/25 08:20
2,883;1,549;2024/2/25 08:30
2,907;1,572;2024/2/25 08:40
2,908;1,572;2024/2/25 08:50
2,933;1,596;2024/2/25 09:00
2,936;1,596;2024/2/25 09:10
2,946;1,607;2024/2/25 09:20
2,946;1,607;2024/2/25 09:30
2,958;1,619;2024/2/25 09:40
2,969;1,631;2024/2/25 09:50
2,984;1,643;2024/2/25 10:00
2,996;1,655;2024/2/25 10:10
3,02;1,679;2024/2/25 10:20
3,01;1,667;2024/2/25 10:30
3,049;1,704;2024/2/25 10:40
3,038;1,692;2024/2/25 10:50
3,037;1,692;2024/2/25 11:00
3,024;1,679;2024/2/25 11:10
2,999;1,655;2024/2/25 11:20
2,995;1,655;2024/2/25 11:30
2,972;1,631;2024/2/25 11:40
2,982;1,643;2024/2/25 11:50
2,968;1,631;2024/2/25 12:00
2,97;1,631;2024/2/25 12:10
2,956;1,619;2024/2/25 12:20
2,946;1,607;2024/2/25 12:30
2,933;1,596;2024/2/25 12:40
2,933;1,596;2024/2/25 12:50
2,921;1,584;2024/2/25 13:00
2,92;1,584;2024/2/25 13:10
2,907;1,572;2024/2/25 13:20
2,907;1,572;2024/2/25 13:30
2,907;1,572;2024/2/25 13:40
2,906;1,572;2024/2/25 13:50
2,896;1,561;2024/2/25 14:00
2,895;1,561;2024/2/25 14:10
2,882;1,549;2024/2/25 14:20
2,872;1,538;2024/2/25 14:30
2,872;1,538;2024/2/25 14:40
2,872;1,538;2024/2/25 14:50
2,873;1,538;2024/2/25 15:00
2,872;1,538;2024/2/25 15:10
2,86;1,526;2024/2/25 15:20
2,849;1,515;2024/2/25 15:30
2,859;1,526;2024/2/25 15:40
2,849;1,515;2024/2/25 15:50
2,849;1,515;2024/2/25 16:00
2,851;1,515;2024/2/25 16:10
2,839;1,504;2024/2/25 16:20
2,841;1,504;2024/2/25 16:30
2,843;1,504;2024/2/25 16:40
2,847;1,504;2024/2/25 16:50
2,836;1,492;2024/2/25 17:00
2,848;1,504;2024/2/25 17:10
2,834;1,492;2024/2/25 17:20
2,847;1,504;2024/2/25 17:30
2,846;1,504;2024/2/25 17:40
2,896;1,549;2024/2/25 17:50
2,91;1,561;2024/2/25 18:00
2,934;1,584;2024/2/25 18:10
2,95;1,596;2024/2/25 18:20
2,985;1,631;2024/2/25 18:30
3,01;1,655;2024/2/25 18:40
3,074;1,716;2024/2/25 18:50
3,153;1,791;2024/2/25 19:00
3,232;1,868;2024/2/25 19:10
3,262;1,894;2024/2/25 19:20
3,333;1,96;2024/2/25 19:30
3,387;2,014;2024/2/25 19:40
3,475;2,097;2024/2/25 19:50
3,55;2,167;2024/2/25 20:00
3,625;2,238;2024/2/25 20:10
3,673;2,282;2024/2/25 20:20
3,717;2,326;2024/2/25 20:30
3,733;2,34;2024/2/25 20:40
3,81;2,415;2024/2/25 20:50
3,904;2,506;2024/2/25 21:00
4,062;2,66;2024/2/25 21:10
4,066;2,66;2024/2/25 21:20
4,145;2,739;2024/2/25 21:30
4,144;2,739;2024/2/25 21:40
4,159;2,755;2024/2/25 21:50
4,125;2,723;2024/2/25 22:00
4,107;2,708;2024/2/25 22:10
4,058;2,66;2024/2/25 22:20
4,042;2,645;2024/2/25 22:30
3,993;2,598;2024/2/25 22:40
3,883;2,49;2024/2/25 22:50
3,821;2,43;2024/2/25 23:00
3,773;2,385;2024/2/25 23:10
3,756;2,37;2024/2/25 23:20
3,695;2,311;2024/2/25 23:30
3,678;2,296;2024/2/25 23:40
3,647;2,267;2024/2/25 23:50
3,617;2,238;2024/2/26
3,573;2,195;2024/2/26 00:10
3,572;2,195;2024/2/26 00:20
3,556;2,181;2024/2/26 00:30
3,54;2,167;2024/2/26 00:40
3,54;2,167;2024/2/26 00:50
3,538;2,167;2024/2/26 01:00
3,509;2,139;2024/2/26 01:10
3,481;2,111;2024/2/26 01:20
3,469;2,097;2024/2/26 01:30
3,454;2,083;2024/2/26 01:40
3,454;2,083;2024/2/26 01:50
3,439;2,069;2024/2/26 02:00
3,452;2,083;2024/2/26 02:10
3,438;2,069;2024/2/26 02:20
3,437;2,069;2024/2/26 02:30
3,395;2,028;2024/2/26 02:40
3,38;2,014;2024/2/26 02:50
3,379;2,014;2024/2/26 03:00
3,379;2,014;2024/2/26 03:10
3,393;2,028;2024/2/26 03:20
3,379;2,014;2024/2/26 03:30
3,396;2,028;2024/2/26 03:40
3,41;2,042;2024/2/26 03:50
3,408;2,042;2024/2/26 04:00
3,408;2,042;2024/2/26 04:10
3,408;2,042;2024/2/26 04:20
3,411;2,042;2024/2/26 04:30
3,423;2,055;2024/2/26 04:40
3,411;2,042;2024/2/26 04:50
3,381;2,014;2024/2/26 05:00
3,353;1,987;2024/2/26 05:10
3,38;2,014;2024/2/26 05:20
3,367;2,001;2024/2/26 05:30
3,423;2,055;2024/2/26 05:40
3,41;2,042;2024/2/26 05:50
3,381;2,014;2024/2/26 06:00
3,379;2,014;2024/2/26 06:10
3,368;2,001;2024/2/26 06:20
3,381;2,014;2024/2/26 06:30
3,367;2,001;2024/2/26 06:40
3,378;2,014;2024/2/26 06:50
3,391;2,028;2024/2/26 07:00
3,551;2,181;2024/2/26 07:10
3,497;2,125;2024/2/26 07:20
3,256;1,894;2024/2/26 07:30
3,417;2,069;2024/2/26 07:40
3,469;2,195;2024/2/26 07:50
3,389;2,153;2024/2/26 08:00
3,373;2,153;2024/2/26 08:10
3,351;2,139;2024/2/26 08:20
3,348;2,139;2024/2/26 08:30
3,332;2,125;2024/2/26 08:40
3,316;2,111;2024/2/26 08:50
3,328;2,125;2024/2/26 09:00
3,313;2,111;2024/2/26 09:10
3,297;2,097;2024/2/26 09:20
3,297;2,097;2024/2/26 09:30
3,295;2,097;2024/2/26 09:40
3,31;2,111;2024/2/26 09:50
3,402;2,195;2024/2/26 10:00
3,454;2,238;2024/2/26 10:10
3,427;2,21;2024/2/26 10:20
3,396;2,181;2024/2/26 10:30
3,364;2,153;2024/2/26 10:40
3,303;2,097;2024/2/26 10:50
3,268;2,069;2024/2/26 11:00
3,263;2,069;2024/2/26 11:10
3,243;2,055;2024/2/26 11:20
3,241;2,055;2024/2/26 11:30
3,21;2,028;2024/2/26 11:40
3,249;2,069;2024/2/26 11:50
3,49;2,311;2024/2/26 12:00
3,489;2,311;2024/2/26 12:10
3,504;2,326;2024/2/26 12:20
3,503;2,326;2024/2/26 12:30
3,506;2,326;2024/2/26 12:40
3,494;2,311;2024/2/26 12:50
3,526;2,34;2024/2/26 13:00
3,527;2,34;2024/2/26 13:10
3,53;2,34;2024/2/26 13:20
3,548;2,355;2024/2/26 13:30
3,567;2,37;2024/2/26 13:40
3,603;2,4;2024/2/26 13:50
3,638;2,43;2024/2/26 14:00
3,655;2,445;2024/2/26 14:10
3,723;2,506;2024/2/26 14:20
3,758;2,536;2024/2/26 14:30
3,793;2,567;2024/2/26 14:40
3,859;2,629;2024/2/26 14:50
3,893;2,66;2024/2/26 15:00
3,997;2,755;2024/2/26 15:10
4,117;2,868;2024/2/26 15:20
4,223;2,966;2024/2/26 15:30
4,276;3,015;2024/2/26 15:40
4,367;3,099;2024/2/26 15:50
4,457;3,183;2024/2/26 16:00
4,6;3,319;2024/2/26 16:10
4,748;3,458;2024/2/26 16:20
4,861;3,563;2024/2/26 16:30
4,991;3,687;2024/2/26 16:40
5,141;3,83;2024/2/26 16:50
5,314;3,994;2024/2/26 17:00
5,584;4,252;2024/2/26 17:10
5,818;4,478;2024/2/26 17:20
6,031;4,688;2024/2/26 17:30
6,393;5,04;2024/2/26 17:40
6,788;5,423;2024/2/26 17:50
7,245;5,866;2024/2/26 18:00
7,725;6,336;2024/2/26 18:10
8,319;6,919;2024/2/26 18:20
8,512;7,102;2024/2/26 18:30
8,623;7,209;2024/2/26 18:40
9,115;7,692;2024/2/26 18:50
9,667;8,229;2024/2/26 19:00
10,065;8,611;2024/2/26 19:10
10,61;9,145;2024/2/26 19:20
12,215;10,733;2024/2/26 19:30
12,57;11,076;2024/2/26 19:40
12,864;11,361;2024/2/26 19:50
13,06;11,551;2024/2/26 20:00
13,291;11,777;2024/2/26 20:10
13,537;12,017;2024/2/26 20:20
13,779;12,25;2024/2/26 20:30
14,107;12,572;2024/2/26 20:40
14,339;12,795;2024/2/26 20:50
14,454;12,907;2024/2/26 21:00
14,684;13,13;2024/2/26 21:10
14,88;13,316;2024/2/26 21:20
15,091;13,582;2024/2/26 21:30
15,274;13,797;2024/2/26 21:40
15,442;13,977;2024/2/26 21:50
15,706;14,247;2024/2/26 22:00
15,928;14,464;2024/2/26 22:10
16,182;14,713;2024/2/26 22:20
16,497;15,025;2024/2/26 22:30
16,782;15,306;2024/2/26 22:40
16,944;15,466;2024/2/26 22:50
17,109;15,632;2024/2/26 23:00
17,43;15,951;2024/2/26 23:10
17,77;16,29;2024/2/26 23:20
18,345;16,859;2024/2/26 23:30
18,782;17,297;2024/2/26 23:40
19,372;17,89;2024/2/26 23:50
19,835;18,359;2024/2/27
20,379;18,906;2024/2/27 00:10
20,435;18,953;2024/2/27 00:20
20,828;19,341;2024/2/27 00:30
20,825;19,341;2024/2/27 00:40
20,972;19,491;2024/2/27 00:50
21,279;19,799;2024/2/27 01:00
22,036;20,557;2024/2/27 01:10
22,206;20,727;2024/2/27 01:20
22,146;20,67;2024/2/27 01:30
22,542;21,076;2024/2/27 01:40
22,847;21,374;2024/2/27 01:50
22,682;21,194;2024/2/27 02:00
22,807;21,314;2024/2/27 02:10
22,629;21,135;2024/2/27 02:20
22,624;21,135;2024/2/27 02:30
23,618;22,123;2024/2/27 02:40
23,824;22,318;2024/2/27 02:50
24,088;22,581;2024/2/27 03:00
24,631;23,124;2024/2/27 03:10
24,916;23,404;2024/2/27 03:20
25,279;23,761;2024/2/27 03:30
26,024;24,499;2024/2/27 03:40
26,635;25,115;2024/2/27 03:50
27,767;26,245;2024/2/27 04:00
28,018;26,497;2024/2/27 04:10
28,452;26,922;2024/2/27 04:20
29,242;27,71;2024/2/27 04:30
29,879;28,342;2024/2/27 04:40
27,418;25,88;2024/2/27 04:50
27,732;26,194;2024/2/27 05:00
28,739;27,204;2024/2/27 05:10
29,317;27,784;2024/2/27 05:20
29,316;27,784;2024/2/27 05:30
29,509;27,974;2024/2/27 05:40
29,978;28,439;2024/2/27 05:50
29,795;28,255;2024/2/27 06:00
30,161;28,622;2024/2/27 06:10
31,041;29,509;2024/2/27 06:20
31,124;29,596;2024/2/27 06:30
31,884;30,354;2024/2/27 06:40
32,92;31,392;2024/2/27 06:50
33,375;31,851;2024/2/27 07:00
34,257;32,733;2024/2/27 07:10
34,4;32,875;2024/2/27 07:20
34,32;32,804;2024/2/27 07:30
34,173;32,661;2024/2/27 07:40
33,957;32,444;2024/2/27 07:50
33,361;31,851;2024/2/27 08:00
33,505;32,001;2024/2/27 08:10
33,428;31,926;2024/2/27 08:20
33,92;32,444;2024/2/27 08:30
33,585;32,15;2024/2/27 08:40
34,072;32,661;2024/2/27 08:50
34,675;33,296;2024/2/27 09:00
34,72;33,365;2024/2/27 09:10
35,882;34,501;2024/2/27 09:20
35,428;34,042;2024/2/27 09:30
36,646;35,263;2024/2/27 09:40
36,7;35,325;2024/2/27 09:50
36,753;35,386;2024/2/27 10:00
37,95;36,587;2024/2/27 10:10
38,067;36,703;2024/2/27 10:20
39,325;37,95;2024/2/27 10:30
39,715;38,336;2024/2/27 10:40
38,94;37,559;2024/2/27 10:50
39,386;38,005;2024/2/27 11:00
39,997;38,609;2024/2/27 11:10
40,595;39,204;2024/2/27 11:20
40,805;39,419;2024/2/27 11:30
40,42;39,043;2024/2/27 11:40
40,892;39,526;2024/2/27 11:50
40,401;39,043;2024/2/27 12:00
40,88;39,526;2024/2/27 12:10
40,451;39,097;2024/2/27 12:20
40,771;39,419;2024/2/27 12:30
40,551;39,204;2024/2/27 12:40
40,813;39,472;2024/2/27 12:50
39,784;38,446;2024/2/27 13:00
40,431;39,097;2024/2/27 13:10
40,27;38,935;2024/2/27 13:20
39,995;38,664;2024/2/27 13:30
40,479;39,15;2024/2/27 13:40
40,531;39,204;2024/2/27 13:50
40,629;39,312;2024/2/27 14:00
40,737;39,419;2024/2/27 14:10
40,689;39,365;2024/2/27 14:20
41,168;39,846;2024/2/27 14:30
41,322;40,005;2024/2/27 14:40
41,481;40,165;2024/2/27 14:50
40,783;39,472;2024/2/27 15:00
40,987;39,686;2024/2/27 15:10
40,877;39,579;2024/2/27 15:20
40,496;39,204;2024/2/27 15:30
40,382;39,097;2024/2/27 15:40
40,319;39,043;2024/2/27 15:50
40,098;38,827;2024/2/27 16:00
40,363;39,097;2024/2/27 16:10
40,202;38,935;2024/2/27 16:20
39,652;38,391;2024/2/27 16:30
39,041;37,783;2024/2/27 16:40
38,073;36,819;2024/2/27 16:50
37,716;36,469;2024/2/27 17:00
37,477;36,233;2024/2/27 17:10
37,061;35,814;2024/2/27 17:20
36,812;35,571;2024/2/27 17:30
36,014;34,758;2024/2/27 17:40
35,291;34,042;2024/2/27 17:50
34,333;33,087;2024/2/27 18:00
33,897;32,661;2024/2/27 18:10
33,009;31,775;2024/2/27 18:20
32,709;31,47;2024/2/27 18:30
31,512;30,271;2024/2/27 18:40
30,569;29,335;2024/2/27 18:50
30,037;28,803;2024/2/27 19:00
29,301;28,068;2024/2/27 19:10
28,337;27,105;2024/2/27 19:20
29,296;28,069;2024/2/27 19:30
29,29;28,069;2024/2/27 19:40
29,925;28,712;2024/2/27 19:50
29,197;27,979;2024/2/27 20:00
28,309;27,095;2024/2/27 20:10
28,13;26,922;2024/2/27 20:20
27,277;26,08;2024/2/27 20:30
26,527;25,352;2024/2/27 20:40
25,893;24,728;2024/2/27 20:50
25,281;24,126;2024/2/27 21:00
25,122;23,979;2024/2/27 21:10
24,335;23,194;2024/2/27 21:20
24,19;23,055;2024/2/27 21:30
23,904;22,782;2024/2/27 21:40
23,362;22,252;2024/2/27 21:50
23,028;21,932;2024/2/27 22:00
22,108;21,017;2024/2/27 22:10
21,64;20,557;2024/2/27 22:20
21,698;20,614;2024/2/27 22:30
21,693;20,614;2024/2/27 22:40
21,971;20,9;2024/2/27 22:50
21,739;20,67;2024/2/27 23:00
21,239;20,171;2024/2/27 23:10
20,16;19,097;2024/2/27 23:20
19,731;18,674;2024/2/27 23:30
19,501;18,448;2024/2/27 23:40
19,46;18,403;2024/2/27 23:50
